"DOPLogNumber","Project","Year","SurveyDate","Station","Species","GutContents"
19,"EDSM",2017,9/18/2017 0:00:00,"18-08-LSR01","Delta Smelt","n"
246,"EDSM",2019,8/16/2019 0:00:00,"20-03-LSSC02","Delta Smelt","n"
248,"EDSM",2019,8/16/2019 0:00:00,"20-03-LSSC02","Delta Smelt","N"
272,"EDSM",2019,7/16/2019 0:00:00,"19-51-SBW02","Delta Smelt","N"
273,"EDSM",2019,7/30/2019 0:00:00,"19-53-SBW01","Delta Smelt","n"
279,"EDSM",2019,7/3/2019 0:00:00,"19-49-LSSC01","Delta Smelt","n"
280,"EDSM",2019,7/3/2019 0:00:00,"19-49-LSSC01","Delta Smelt","n"
283,"EDSM",2019,7/3/2019 0:00:00,"19-49-LSSC01","Delta Smelt","n"
284,"EDSM",2019,7/3/2019 0:00:00,"19-49-LSSC01","Delta Smelt","n"
285,"EDSM",2019,7/3/2019 0:00:00,"19-49-LSSC01","Delta Smelt","n"
290,"EDSM",2019,7/3/2019 0:00:00,"19-49-LSSC01","Delta Smelt","N"
293,"EDSM",2019,7/3/2019 0:00:00,"19-49-LSSC01","Delta Smelt","N"
294,"EDSM",2019,7/3/2019 0:00:00,"19-49-LSSC01","Delta Smelt","n"
296,"EDSM",2019,7/3/2019 0:00:00,"19-49-LSSC01","Delta Smelt","n"
297,"EDSM",2019,7/3/2019 0:00:00,"19-49-LSSC01","Delta Smelt","N"
299,"EDSM",2019,7/3/2019 0:00:00,"19-49-LSSC01","Delta Smelt","n"
300,"EDSM",2019,7/3/2019 0:00:00,"19-49-LSSC01","Delta Smelt","n"
302,"EDSM",2019,7/3/2019 0:00:00,"19-49-LSSC01","Delta Smelt","n"
303,"EDSM",2019,7/3/2019 0:00:00,"19-49-LSSC01","Delta Smelt","n"
304,"EDSM",2019,7/3/2019 0:00:00,"19-49-LSSC01","Delta Smelt","n"
363,"ELS",2019,4/23/2019 0:00:00,"19-39-SC03","Delta Smelt","N"
368,"ELS",2019,5/21/2019 0:00:00,"19-43-SC05","Delta Smelt","n"
377,"ELS",2019,4/23/2019 0:00:00,"19-39-SC05","Delta Smelt","n"
381,"ELS",2019,5/16/2019 0:00:00,"19-42-DI03","Delta Smelt","n"
382,"ELS",2019,5/21/2019 0:00:00,"19-43-SC03","Delta Smelt","n"
388,"ELS",2019,5/21/2019 0:00:00,"19-43-SC02","Delta Smelt","n"
401,"ELS",2019,5/30/2019 0:00:00,"19-44-GBSM25","Delta Smelt","N"
429,"EDSM",2020,7/15/2020 0:00:00,"20-51-LSSC02","Delta Smelt","n"
440,"EDSM",2020,7/6/2020 0:00:00,"20-50-LSSC02","Delta Smelt","n"
1,"EDSM",2017,8/10/2017 0:00:00,"18-02-CS01","Delta Smelt","Y"
2,"EDSM",2017,8/15/2017 0:00:00,"18-03-SSC02","Delta Smelt","Y"
3,"EDSM",2017,8/21/2017 0:00:00,"18-04-LSR05","Delta Smelt","y"
4,"EDSM",2017,8/22/2017 0:00:00,"18-04-SSC02","Delta Smelt","y"
5,"EDSM",2017,8/28/2017 0:00:00,"18-05-LSR02","Delta Smelt","y"
6,"EDSM",2017,8/28/2017 0:00:00,"18-05-LSR02","Delta Smelt","y"
7,"EDSM",2017,9/8/2017 0:00:00,"18-06-LSR01","Delta Smelt","y"
8,"EDSM",2017,9/18/2017 0:00:00,"18-08-LSR01","Delta Smelt","y"
9,"EDSM",2017,9/18/2017 0:00:00,"18-08-LSR01","Delta Smelt","y"
10,"EDSM",2017,9/18/2017 0:00:00,"18-08-LSR01","Delta Smelt","y"
11,"EDSM",2017,9/18/2017 0:00:00,"18-08-LSR01","Delta Smelt","y"
12,"EDSM",2017,9/18/2017 0:00:00,"18-08-LSR01","Delta Smelt","y"
13,"EDSM",2017,9/18/2017 0:00:00,"18-08-LSR01","Delta Smelt","y"
14,"EDSM",2017,9/18/2017 0:00:00,"18-08-LSR01","Delta Smelt","y"
15,"EDSM",2017,9/18/2017 0:00:00,"18-08-LSR01","Delta Smelt","y"
16,"EDSM",2017,9/18/2017 0:00:00,"18-08-LSR01","Delta Smelt","y"
17,"EDSM",2017,9/18/2017 0:00:00,"18-08-LSR01","Delta Smelt","y"
18,"EDSM",2017,9/18/2017 0:00:00,"18-08-LSR01","Delta Smelt","y"
20,"EDSM",2017,9/18/2017 0:00:00,"18-08-LSR01","Delta Smelt","y"
21,"EDSM",2017,9/18/2017 0:00:00,"18-08-LSR01","Delta Smelt","y"
22,"EDSM",2017,9/18/2017 0:00:00,"18-08-LSR02","Delta Smelt","y"
23,"EDSM",2017,9/18/2017 0:00:00,"18-08-LSR02","Delta Smelt","y"
24,"EDSM",2017,9/18/2017 0:00:00,"18-08-LSR01","Delta Smelt","y"
25,"EDSM",2017,9/29/2017 0:00:00,"18-09-LSR01","Delta Smelt","y"
26,"EDSM",2017,10/4/2017 0:00:00,"18-10-LSR06","Delta Smelt","y"
27,"EDSM",2017,10/10/2017 0:00:00,"18-11-LSR01","Delta Smelt","y"
28,"EDSM",2017,10/10/2017 0:00:00,"18-11-LSR01","Delta Smelt","y"
29,"EDSM",2017,10/10/2017 0:00:00,"18-11-LSR01","Delta Smelt","Y"
30,"EDSM",2017,10/10/2017 0:00:00,"18-11-LSR01","Delta Smelt","y"
31,"EDSM",2017,10/10/2017 0:00:00,"18-11-LSR01","Delta Smelt","y"
32,"EDSM",2017,10/10/2017 0:00:00,"18-11-LSR01","Delta Smelt","y"
33,"EDSM",2017,10/10/2017 0:00:00,"18-11-LSR01","Delta Smelt","y"
34,"EDSM",2017,10/10/2017 0:00:00,"18-11-LSR01","Delta Smelt","y"
35,"EDSM",2017,10/10/2017 0:00:00,"18-11-LSR01","Delta Smelt","y"
36,"EDSM",2017,10/10/2017 0:00:00,"18-11-LSR01","Delta Smelt","y"
37,"EDSM",2017,10/10/2017 0:00:00,"18-11-LSR01","Delta Smelt","y"
38,"EDSM",2017,10/10/2017 0:00:00,"18-11-LSR01","Delta Smelt","y"
39,"EDSM",2017,10/10/2017 0:00:00,"18-11-LSR01","Delta Smelt","y"
40,"EDSM",2017,10/10/2017 0:00:00,"18-11-LSR01","Delta Smelt","y"
41,"EDSM",2017,10/10/2017 0:00:00,"18-11-LSR01","Delta Smelt","y"
42,"EDSM",2017,10/10/2017 0:00:00,"18-11-LSR01","Delta Smelt","y"
43,"EDSM",2017,10/10/2017 0:00:00,"18-11-LSR01","Delta Smelt","y"
44,"EDSM",2017,10/10/2017 0:00:00,"18-11-LSR01","Delta Smelt","y"
45,"EDSM",2017,10/10/2017 0:00:00,"18-11-LSR01","Delta Smelt","Y"
46,"EDSM",2017,10/10/2017 0:00:00,"18-11-LSR01","Delta Smelt","y"
47,"EDSM",2017,10/10/2017 0:00:00,"18-11-LSR01","Delta Smelt","y"
48,"EDSM",2017,10/10/2017 0:00:00,"18-11-LSR01","Delta Smelt","y"
49,"EDSM",2017,10/10/2017 0:00:00,"18-11-LSR01","Delta Smelt","y"
50,"EDSM",2017,10/10/2017 0:00:00,"18-11-LSR01","Delta Smelt","y"
51,"EDSM",2017,10/10/2017 0:00:00,"18-11-LSR01","Delta Smelt","Y"
52,"EDSM",2017,10/10/2017 0:00:00,"18-11-LSR01","Delta Smelt","y"
53,"EDSM",2017,10/10/2017 0:00:00,"18-11-LSR01","Delta Smelt","y"
54,"EDSM",2017,10/10/2017 0:00:00,"18-11-LSR01","Delta Smelt","y"
55,"EDSM",2017,10/10/2017 0:00:00,"18-11-LSR01","Delta Smelt","y"
56,"EDSM",2017,10/10/2017 0:00:00,"18-11-LSR01","Delta Smelt","y"
57,"EDSM",2017,10/10/2017 0:00:00,"18-11-LSR01","Delta Smelt","y"
58,"EDSM",2017,10/10/2017 0:00:00,"18-11-LSR01","Delta Smelt","y"
59,"EDSM",2017,10/10/2017 0:00:00,"18-11-LSR02","Delta Smelt","y"
60,"EDSM",2017,10/10/2017 0:00:00,"18-11-LSR02","Delta Smelt","y"
61,"EDSM",2017,8/10/2017 0:00:00,"18-02-SBM02","Delta Smelt","Y"
62,"EDSM",2017,8/11/2017 0:00:00,"18-02-SBM04","Delta Smelt","y"
63,"EDSM",2017,8/11/2017 0:00:00,"18-02-SBM04","Delta Smelt","y"
64,"EDSM",2017,8/16/2017 0:00:00,"18-03-SM02","Delta Smelt","y"
65,"EDSM",2017,8/16/2017 0:00:00,"18-03-SM02","Delta Smelt","y"
66,"EDSM",2017,8/16/2017 0:00:00,"18-03-SM02","Delta Smelt","y"
67,"EDSM",2017,8/16/2017 0:00:00,"18-03-HB01","Delta Smelt","y"
68,"EDSM",2017,8/22/2017 0:00:00,"18-04-SBM05","Delta Smelt","y"
69,"EDSM",2017,8/22/2017 0:00:00,"18-04-SBM05","Delta Smelt","y"
70,"EDSM",2017,8/22/2017 0:00:00,"18-04-SBM05","Delta Smelt","y"
71,"EDSM",2017,8/22/2017 0:00:00,"18-04-SBM05","Delta Smelt","y"
72,"EDSM",2017,8/22/2017 0:00:00,"18-04-SBM05","Delta Smelt","y"
73,"EDSM",2017,8/22/2017 0:00:00,"18-04-SBM02","Delta Smelt","y"
74,"EDSM",2017,8/23/2017 0:00:00,"18-04-LSJ03","Delta Smelt","y"
75,"EDSM",2017,8/30/2017 0:00:00,"18-05-SBM02","Delta Smelt","y"
76,"EDSM",2017,9/7/2017 0:00:00,"18-06-SBM01","Delta Smelt","y"
77,"EDSM",2017,9/7/2017 0:00:00,"18-06-SBM02","Delta Smelt","y"
78,"EDSM",2017,9/11/2017 0:00:00,"18-07-SBM01","Delta Smelt","y"
79,"EDSM",2017,9/11/2017 0:00:00,"18-07-SBM02","Delta Smelt","y"
80,"EDSM",2017,9/12/2017 0:00:00,"18-07-HB01","Delta Smelt","y"
81,"EDSM",2017,9/12/2017 0:00:00,"18-07-SBM03","Delta Smelt","y"
82,"EDSM",2017,9/20/2017 0:00:00,"18-08-SM01","Delta Smelt","y"
83,"EDSM",2017,9/20/2017 0:00:00,"18-08-SBM01","Delta Smelt","y"
84,"EDSM",2017,9/27/2017 0:00:00,"18-09-SBM01","Delta Smelt","y"
85,"EDSM",2017,9/29/2017 0:00:00,"18-09-SBM02","Delta Smelt","y"
86,"EDSM",2017,10/10/2017 0:00:00,"18-11-SM01","Delta Smelt","y"
87,"EDSM",2017,10/17/2017 0:00:00,"18-12-SM01","Delta Smelt","y"
88,"EDSM",2017,10/23/2017 0:00:00,"18-13-LSR01","Delta Smelt","y"
89,"EDSM",2017,11/8/2017 0:00:00,"18-15-LSR02","Delta Smelt","y"
90,"EDSM",2017,11/20/2017 0:00:00,"18-17-LSR01","Delta Smelt","y"
91,"EDSM",2017,10/25/2017 0:00:00,"18-13-HB01","Delta Smelt","y"
92,"EDSM",2017,10/30/2017 0:00:00,"18-14-SM01","Delta Smelt","y"
93,"EDSM",2017,11/27/2017 0:00:00,"18-18-SM01","Delta Smelt","y"
94,"EDSM",2017,11/27/2017 0:00:00,"18-18-SM01","Delta Smelt","y"
95,"EDSM",2017,11/28/2017 0:00:00,"18-18-SBM02","Delta Smelt","y"
96,"EDSM",2017,11/28/2017 0:00:00,"18-18-HB01","Delta Smelt","y"
97,"EDSM",2018,7/5/2018 0:00:00,"18-49-LSSC03","Delta Smelt","y"
98,"EDSM",2018,7/5/2018 0:00:00,"18-49-LSSC03","Delta Smelt","y"
99,"EDSM",2018,7/5/2018 0:00:00,"18-49-LSSC03","Delta Smelt","y"
100,"EDSM",2018,7/5/2018 0:00:00,"18-49-LSSC03","Delta Smelt","y"
101,"EDSM",2018,7/9/2018 0:00:00,"18-50-LSSC01","Delta Smelt","y"
102,"EDSM",2018,7/18/2018 0:00:00,"18-51-LSSC01","Delta Smelt","y"
103,"EDSM",2018,7/19/2018 0:00:00,"18-51-LSSC04","Delta Smelt","y"
104,"EDSM",2018,7/23/2018 0:00:00,"18-52-LSSC02","Delta Smelt","y"
105,"EDSM",2018,7/23/2018 0:00:00,"18-52-LSSC05","Delta Smelt","y"
106,"EDSM",2018,7/24/2018 0:00:00,"18-52-LSSC03","Delta Smelt","y"
107,"EDSM",2018,7/24/2018 0:00:00,"18-52-LSSC03","Delta Smelt","y"
108,"EDSM",2018,7/24/2018 0:00:00,"18-52-LSSC03","Delta Smelt","y"
109,"EDSM",2018,7/24/2018 0:00:00,"18-52-LSSC03","Delta Smelt","y"
110,"EDSM",2018,8/1/2018 0:00:00,"19-01-LSSC01","Delta Smelt","y"
111,"EDSM",2018,8/1/2018 0:00:00,"19-01-LSSC01","Delta Smelt","y"
112,"EDSM",2018,8/1/2018 0:00:00,"19-01-USSC03","Delta Smelt","y"
113,"EDSM",2018,8/1/2018 0:00:00,"19-01-USSC03","Delta Smelt","y"
114,"EDSM",2018,8/8/2018 0:00:00,"19-02-LSSC02","Delta Smelt","y"
115,"EDSM",2018,8/8/2018 0:00:00,"19-02-LSSC02","Delta Smelt","y"
116,"EDSM",2018,8/14/2018 0:00:00,"19-03-LSSC01","Delta Smelt","y"
117,"EDSM",2018,8/14/2018 0:00:00,"19-03-LSSC01","Delta Smelt","y"
118,"EDSM",2018,8/14/2018 0:00:00,"19-03-LSSC01","Delta Smelt","y"
119,"EDSM",2018,8/14/2018 0:00:00,"19-03-LSSC01","Delta Smelt","y"
120,"EDSM",2018,8/14/2018 0:00:00,"19-03-LSSC01","Delta Smelt","y"
121,"EDSM",2018,8/20/2018 0:00:00,"19-04-LSSC03","Delta Smelt","y"
122,"EDSM",2018,8/20/2018 0:00:00,"19-04-LSSC05","Delta Smelt","y"
123,"EDSM",2018,8/20/2018 0:00:00,"19-04-LSSC05","Delta Smelt","y"
124,"EDSM",2018,8/27/2018 0:00:00,"19-05-LSSC05","Delta Smelt","y"
125,"EDSM",2018,8/27/2018 0:00:00,"19-05-LSSC05","Delta Smelt","y"
126,"EDSM",2018,8/27/2018 0:00:00,"19-05-LSSC05","Delta Smelt","y"
127,"EDSM",2018,8/27/2018 0:00:00,"19-05-LSSC05","Delta Smelt","y"
128,"EDSM",2018,8/27/2018 0:00:00,"19-05-LSSC05","Delta Smelt","y"
129,"EDSM",2018,8/27/2018 0:00:00,"19-05-LSSC05","Delta Smelt","y"
130,"EDSM",2018,8/27/2018 0:00:00,"19-05-LSSC05","Delta Smelt","y"
131,"EDSM",2018,9/10/2018 0:00:00,"19-07-LSSC02","Delta Smelt","y"
132,"EDSM",2018,9/10/2018 0:00:00,"19-07-LSSC02","Delta Smelt","y"
133,"EDSM",2018,7/9/2018 0:00:00,"18-50-LSSC01","Delta Smelt","y"
134,"EDSM",2018,7/17/2018 0:00:00,"18-51-HB01","Delta Smelt","y"
135,"EDSM",2018,7/17/2018 0:00:00,"18-51-CF02","Delta Smelt","y"
136,"EDSM",2018,8/20/2018 0:00:00,"19-04-SM01","Delta Smelt","y"
137,"EDSM",2018,8/20/2018 0:00:00,"19-04-SM01","Delta Smelt","y"
138,"EDSM",2018,8/21/2018 0:00:00,"19-04-GB01","Delta Smelt","y"
139,"EDSM",2018,9/6/2018 0:00:00,"19-06-SM04","Delta Smelt","y"
140,"EDSM",2018,9/7/2018 0:00:00,"19-06-GB01","Delta Smelt","y"
141,"EDSM",2018,8/14/2018 0:00:00,"19-03-SM05","Delta Smelt","y"
142,"EDSM",2018,8/13/2018 0:00:00,"19-03-SM03","Delta Smelt","y"
143,"EDSM",2018,7/2/2018 0:00:00,"18-49-CF01","Delta Smelt","y"
145,"EDSM",2018,8/13/2018 0:00:00,"19-03-LSR01","Delta Smelt","y"
146,"EDSM",2018,8/22/2018 0:00:00,"19-04-LSR01","Delta Smelt","y"
147,"EDSM",2018,8/22/2018 0:00:00,"19-04-LSR01","Delta Smelt","y"
148,"EDSM",2018,8/22/2018 0:00:00,"19-04-LSR01","Delta Smelt","y"
149,"EDSM",2018,8/22/2018 0:00:00,"19-04-LSR01","Delta Smelt","y"
150,"EDSM",2018,8/22/2018 0:00:00,"19-04-LSR03","Delta Smelt","y"
151,"EDSM",2018,9/10/2018 0:00:00,"19-07-LSSC02","Delta Smelt","y"
152,"EDSM",2018,9/10/2018 0:00:00,"19-07-LSSC02","Delta Smelt","y"
153,"EDSM",2018,9/10/2018 0:00:00,"19-07-LSSC02","Delta Smelt","y"
154,"EDSM",2018,9/10/2018 0:00:00,"19-07-LSSC02","Delta Smelt","y"
155,"EDSM",2018,9/10/2018 0:00:00,"19-07-LSSC02","Delta Smelt","y"
156,"EDSM",2018,9/10/2018 0:00:00,"19-07-LSSC02","Delta Smelt","y"
157,"EDSM",2018,9/10/2018 0:00:00,"19-07-LSSC02","Delta Smelt","y"
158,"EDSM",2018,9/10/2018 0:00:00,"19-07-LSSC02","Delta Smelt","y"
159,"EDSM",2018,9/10/2018 0:00:00,"19-07-LSSC02","Delta Smelt","y"
160,"EDSM",2018,9/10/2018 0:00:00,"19-07-LSSC02","Delta Smelt","y"
161,"EDSM",2018,9/10/2018 0:00:00,"19-07-LSSC02","Delta Smelt","y"
162,"EDSM",2018,9/10/2018 0:00:00,"19-07-LSSC02","Delta Smelt","y"
163,"EDSM",2018,9/10/2018 0:00:00,"19-07-LSSC02","Delta Smelt","y"
164,"EDSM",2018,9/11/2018 0:00:00,"19-07-LSSC06","Delta Smelt","y"
165,"EDSM",2018,9/11/2018 0:00:00,"19-07-LSSC06","Delta Smelt","y"
166,"EDSM",2018,9/11/2018 0:00:00,"19-07-LSSC06","Delta Smelt","y"
167,"EDSM",2018,9/11/2018 0:00:00,"19-07-LSSC06","Delta Smelt","y"
168,"EDSM",2018,9/20/2018 0:00:00,"19-08-LSSC03","Delta Smelt","y"
169,"EDSM",2018,9/20/2018 0:00:00,"19-08-LSSC03","Delta Smelt","y"
170,"EDSM",2018,9/26/2018 0:00:00,"19-09-LSSC05","Delta Smelt","y"
171,"EDSM",2018,9/26/2018 0:00:00,"19-09-LSSC05","Delta Smelt","y"
172,"EDSM",2018,9/26/2018 0:00:00,"19-09-LSSC05","Delta Smelt","y"
173,"EDSM",2018,9/26/2018 0:00:00,"19-09-LSSC05","Delta Smelt","y"
174,"EDSM",2018,9/26/2018 0:00:00,"19-09-LSSC05","Delta Smelt","y"
175,"EDSM",2018,9/27/2018 0:00:00,"19-09-LSSC02","Delta Smelt","y"
176,"EDSM",2018,9/27/2018 0:00:00,"19-09-LSSC02","Delta Smelt","y"
177,"EDSM",2018,9/27/2018 0:00:00,"19-09-LSSC02","Delta Smelt","y"
178,"EDSM",2018,9/27/2018 0:00:00,"19-09-LSSC02","Delta Smelt","y"
179,"EDSM",2018,9/27/2018 0:00:00,"19-09-LSSC02","Delta Smelt","y"
180,"EDSM",2018,9/27/2018 0:00:00,"19-09-LSSC02","Delta Smelt","y"
181,"EDSM",2018,9/27/2018 0:00:00,"19-09-LSSC02","Delta Smelt","y"
183,"EDSM",2018,10/4/2018 0:00:00,"19-10-LSSC01","Delta Smelt","y"
184,"EDSM",2018,10/4/2018 0:00:00,"19-10-LSSC01","Delta Smelt","y"
185,"EDSM",2018,10/4/2018 0:00:00,"19-10-LSSC01","Delta Smelt","y"
186,"EDSM",2018,10/9/2018 0:00:00,"19-11-LSSC06","Delta Smelt","y"
187,"EDSM",2018,10/9/2018 0:00:00,"19-11-LSSC03","Delta Smelt","y"
188,"EDSM",2018,10/9/2018 0:00:00,"19-11-LSSC03","Delta Smelt","y"
189,"EDSM",2018,10/17/2018 0:00:00,"19-12-LSSC03","Delta Smelt","y"
190,"EDSM",2018,10/17/2018 0:00:00,"19-12-LSSC04","Delta Smelt","y"
191,"EDSM",2018,10/17/2018 0:00:00,"19-12-LSSC04","Delta Smelt","y"
192,"EDSM",2018,10/17/2018 0:00:00,"19-12-LSSC04","Delta Smelt","y"
193,"EDSM",2018,10/17/2018 0:00:00,"19-12-LSSC04","Delta Smelt","y"
194,"EDSM",2018,10/17/2018 0:00:00,"19-12-LSSC04","Delta Smelt","y"
195,"EDSM",2018,10/17/2018 0:00:00,"19-12-LSSC04","Delta Smelt","y"
196,"EDSM",2018,11/7/2018 0:00:00,"19-15-SM01","Delta Smelt","y"
197,"EDSM",2018,11/8/2018 0:00:00,"19-15-SM04","Delta Smelt","y"
198,"EDSM",2018,11/26/2018 0:00:00,"19-18-SM02","Delta Smelt","y"
199,"EDSM",2018,10/9/2018 0:00:00,"19-11-LSR01","Delta Smelt","y"
200,"EDSM",2018,10/9/2018 0:00:00,"19-11-LSR01","Delta Smelt","y"
201,"EDSM",2018,10/9/2018 0:00:00,"19-11-LSR01","Delta Smelt","y"
202,"EDSM",2018,10/9/2018 0:00:00,"19-11-LSR01","Delta Smelt","y"
203,"EDSM",2018,10/29/2018 0:00:00,"19-14-LSR03","Delta Smelt","y"
204,"EDSM",2018,10/30/2018 0:00:00,"19-14-LSR02","Delta Smelt","y"
205,"EDSM",2018,11/29/2018 0:00:00,"19-18-LSR03","Delta Smelt","y"
206,"EDSM",2018,11/29/2018 0:00:00,"19-18-LSR03","Delta Smelt","y"
207,"EDSM",2018,10/17/2018 0:00:00,"19-12-LSSC04","Delta Smelt","y"
208,"EDSM",2018,10/17/2018 0:00:00,"19-12-LSSC04","Delta Smelt","y"
209,"EDSM",2018,10/17/2018 0:00:00,"19-12-LSSC04","Delta Smelt","y"
210,"EDSM",2018,10/17/2018 0:00:00,"19-12-LSSC04","Delta Smelt","y"
211,"EDSM",2018,10/17/2018 0:00:00,"19-12-LSSC04","Delta Smelt","y"
212,"EDSM",2018,10/17/2018 0:00:00,"19-12-LSSC04","Delta Smelt","y"
213,"EDSM",2018,10/17/2018 0:00:00,"19-12-LSSC04","Delta Smelt","y"
214,"EDSM",2018,10/17/2018 0:00:00,"19-12-LSSC04","Delta Smelt","y"
215,"EDSM",2018,10/17/2018 0:00:00,"19-12-LSSC04","Delta Smelt","y"
216,"EDSM",2018,10/17/2018 0:00:00,"19-12-LSSC04","Delta Smelt","y"
217,"EDSM",2018,10/31/2018 0:00:00,"19-14-LSSC03","Delta Smelt","y"
218,"EDSM",2018,10/31/2018 0:00:00,"19-14-USSC01","Delta Smelt","y"
219,"EDSM",2018,11/1/2018 0:00:00,"19-14-LSSC06","Delta Smelt","y"
220,"EDSM",2018,11/1/2018 0:00:00,"19-14-LSSC06","Delta Smelt","y"
221,"EDSM",2018,11/1/2018 0:00:00,"19-14-LSSC06","Delta Smelt","y"
222,"EDSM",2018,11/1/2018 0:00:00,"19-14-LSSC06","Delta Smelt","y"
223,"EDSM",2018,11/7/2018 0:00:00,"19-15-LSSC01","Delta Smelt","y"
224,"EDSM",2018,11/7/2018 0:00:00,"19-15-LSSC01","Delta Smelt","y"
225,"EDSM",2018,11/21/2018 0:00:00,"19-17-LSSC02","Delta Smelt","y"
226,"EDSM",2018,9/17/2018 0:00:00,"19-08-LSR02","Delta Smelt","y"
227,"EDSM",2018,9/17/2018 0:00:00,"19-08-LSR02","Delta Smelt","y"
228,"EDSM",2018,9/17/2018 0:00:00,"19-08-LSR02","Delta Smelt","y"
229,"EDSM",2018,9/17/2018 0:00:00,"19-08-LSR02","Delta Smelt","y"
230,"EDSM",2018,9/17/2018 0:00:00,"19-08-LSR02","Delta Smelt","Y"
231,"EDSM",2018,9/17/2018 0:00:00,"19-08-LSR02","Delta Smelt","y"
232,"EDSM",2018,9/17/2018 0:00:00,"19-08-LSR02","Delta Smelt","y"
233,"EDSM",2018,9/17/2018 0:00:00,"19-08-LSR02","Delta Smelt","y"
234,"EDSM",2018,9/17/2018 0:00:00,"19-08-LSR02","Delta Smelt","y"
235,"EDSM",2018,9/17/2018 0:00:00,"19-08-LSR02","Delta Smelt","y"
236,"EDSM",2018,9/17/2018 0:00:00,"19-08-LSR02","Delta Smelt","y"
237,"EDSM",2018,9/17/2018 0:00:00,"19-08-LSR02","Delta Smelt","y"
238,"EDSM",2018,9/17/2018 0:00:00,"19-08-LSR02","Delta Smelt","y"
239,"EDSM",2018,9/24/2018 0:00:00,"19-09-LSR02","Delta Smelt","y"
240,"EDSM",2018,9/10/2018 0:00:00,"19-07-LSSC02","Delta Smelt","y"
241,"EDSM",2018,9/10/2018 0:00:00,"19-07-LSSC02","Delta Smelt","y"
242,"EDSM",2018,9/10/2018 0:00:00,"19-07-LSSC02","Delta Smelt","y"
243,"EDSM",2018,9/10/2018 0:00:00,"19-07-LSSC02","Delta Smelt","y"
245,"EDSM",2019,8/21/2019 0:00:00,"20-04-HB01","Delta Smelt","Y"
247,"EDSM",2019,8/19/2019 0:00:00,"20-04-LSSC02","Delta Smelt","y"
249,"EDSM",2019,8/16/2019 0:00:00,"20-03-LSSC02","Delta Smelt","y"
250,"EDSM",2019,8/16/2019 0:00:00,"20-03-LSSC02","Delta Smelt","Y"
251,"EDSM",2019,8/13/2019 0:00:00,"20-03-HB01","Delta Smelt","y"
252,"EDSM",2019,8/16/2019 0:00:00,"20-03-SM06","Delta Smelt","y"
253,"EDSM",2019,7/25/2019 0:00:00,"19-52-LSSC02","Delta Smelt","Y"
254,"EDSM",2019,8/16/2019 0:00:00,"20-03-LSSC02","Delta Smelt","Y"
255,"EDSM",2019,8/16/2019 0:00:00,"20-03-LSSC02","Delta Smelt","Y"
256,"EDSM",2019,8/6/2019 0:00:00,"20-02-SM03","Delta Smelt","y"
257,"EDSM",2019,8/8/2019 0:00:00,"20-02-LSSC02","Delta Smelt","y"
258,"EDSM",2019,7/30/2019 0:00:00,"19-53-LSSC04","Delta Smelt","y"
259,"EDSM",2019,7/30/2019 0:00:00,"19-53-SBM03","Delta Smelt","y"
260,"EDSM",2019,7/29/2019 0:00:00,"19-53-LSSC02","Delta Smelt","Y"
261,"EDSM",2019,7/5/2019 0:00:00,"19-49-SBM02","Delta Smelt","Y"
262,"EDSM",2019,7/15/2019 0:00:00,"19-51-HB01","Delta Smelt","y"
263,"EDSM",2019,7/15/2019 0:00:00,"19-51-SBM01","Delta Smelt","y"
264,"EDSM",2019,7/17/2019 0:00:00,"19-51-LSR02","Delta Smelt","y"
265,"EDSM",2019,7/17/2019 0:00:00,"19-51-LSR02","Delta Smelt","y"
266,"EDSM",2019,7/17/2019 0:00:00,"19-51-LSR03","Delta Smelt","y"
267,"EDSM",2019,7/24/2019 0:00:00,"19-52-LSR01","Delta Smelt","y"
268,"EDSM",2019,7/3/2019 0:00:00,"19-49-SM01","Delta Smelt","y"
270,"EDSM",2019,7/9/2019 0:00:00,"19-50-SM03","Delta Smelt","y"
271,"EDSM",2019,7/10/2019 0:00:00,"19-50-SBM01","Delta Smelt","Y"
274,"EDSM",2019,7/30/2019 0:00:00,"19-53-SBM03","Delta Smelt","y"
275,"EDSM",2019,7/31/2019 0:00:00,"19-53-GB01","Delta Smelt","y"
276,"EDSM",2019,7/3/2019 0:00:00,"19-49-LSSC03","Delta Smelt","y"
277,"EDSM",2019,7/3/2019 0:00:00,"19-49-LSSC03","Delta Smelt","y"
278,"EDSM",2019,7/3/2019 0:00:00,"19-49-LSSC01","Delta Smelt","y"
281,"EDSM",2019,7/3/2019 0:00:00,"19-49-LSSC01","Delta Smelt","y"
282,"EDSM",2019,7/3/2019 0:00:00,"19-49-LSSC01","Delta Smelt","y"
286,"EDSM",2019,7/3/2019 0:00:00,"19-49-LSSC01","Delta Smelt","y"
287,"EDSM",2019,7/3/2019 0:00:00,"19-49-LSSC01","Delta Smelt","y"
288,"EDSM",2019,7/3/2019 0:00:00,"19-49-LSSC01","Delta Smelt","y"
289,"EDSM",2019,7/3/2019 0:00:00,"19-49-LSSC01","Delta Smelt","y"
291,"EDSM",2019,7/3/2019 0:00:00,"19-49-LSSC01","Delta Smelt","Y"
292,"EDSM",2019,7/3/2019 0:00:00,"19-49-LSSC01","Delta Smelt","y"
295,"EDSM",2019,7/3/2019 0:00:00,"19-49-LSSC01","Delta Smelt","y"
298,"EDSM",2019,7/3/2019 0:00:00,"19-49-LSSC01","Delta Smelt","Y"
301,"EDSM",2019,7/3/2019 0:00:00,"19-49-LSSC01","Delta Smelt","y"
305,"EDSM",2019,7/3/2019 0:00:00,"19-49-LSSC02","Delta Smelt","y"
306,"EDSM",2019,7/3/2019 0:00:00,"19-49-LSSC02","Delta Smelt","y"
307,"EDSM",2019,7/3/2019 0:00:00,"19-49-LSSC02","Delta Smelt","y"
308,"EDSM",2019,7/3/2019 0:00:00,"19-49-LSSC02","Delta Smelt","y"
309,"EDSM",2019,7/3/2019 0:00:00,"19-49-LSSC02","Delta Smelt","y"
310,"EDSM",2019,7/3/2019 0:00:00,"19-49-LSSC02","Delta Smelt","y"
311,"EDSM",2019,7/3/2019 0:00:00,"19-49-LSSC02","Delta Smelt","y"
312,"EDSM",2019,7/3/2019 0:00:00,"19-49-LSSC02","Delta Smelt","y"
313,"EDSM",2019,7/3/2019 0:00:00,"19-49-LSSC02","Delta Smelt","y"
314,"EDSM",2019,7/3/2019 0:00:00,"19-49-LSSC02","Delta Smelt","y"
315,"EDSM",2019,7/10/2019 0:00:00,"19-50-CS05","Delta Smelt","y"
316,"EDSM",2019,7/24/2019 0:00:00,"19-52-LSSC03","Delta Smelt","y"
317,"EDSM",2019,7/24/2019 0:00:00,"19-52-LSSC03","Delta Smelt","y"
318,"EDSM",2019,7/24/2019 0:00:00,"19-52-LSSC03","Delta Smelt","y"
319,"EDSM",2019,7/25/2019 0:00:00,"19-52-LSSC02","Delta Smelt","y"
320,"EDSM",2019,7/25/2019 0:00:00,"19-52-LSSC02","Delta Smelt","y"
321,"EDSM",2019,7/25/2019 0:00:00,"19-52-LSSC02","Delta Smelt","y"
322,"EDSM",2019,7/24/2019 0:00:00,"19-52-LSSC03","Delta Smelt","y"
323,"EDSM",2019,7/24/2019 0:00:00,"19-52-LSSC03","Delta Smelt","y"
324,"EDSM",2019,7/24/2019 0:00:00,"19-52-LSSC03","Delta Smelt","y"
325,"EDSM",2019,7/24/2019 0:00:00,"19-52-LSSC03","Delta Smelt","y"
326,"EDSM",2019,7/15/2019 0:00:00,"19-51-LSSC02","Delta Smelt","y"
327,"EDSM",2019,7/9/2019 0:00:00,"19-50-LSSC05","Delta Smelt","y"
328,"EDSM",2019,7/8/2019 0:00:00,"19-50-LSSC03","Delta Smelt","y"
329,"EDSM",2019,7/8/2019 0:00:00,"19-50-LSSC03","Delta Smelt","y"
330,"EDSM",2019,7/8/2019 0:00:00,"19-50-LSSC03","Delta Smelt","y"
331,"EDSM",2019,7/8/2019 0:00:00,"19-50-LSSC03","Delta Smelt","y"
332,"EDSM",2019,7/8/2019 0:00:00,"19-50-LSSC02","Delta Smelt","y"
333,"EDSM",2019,7/8/2019 0:00:00,"19-50-LSSC02","Delta Smelt","y"
334,"EDSM",2019,7/8/2019 0:00:00,"19-50-LSSC02","Delta Smelt","y"
335,"EDSM",2019,7/8/2019 0:00:00,"19-50-LSSC02","Delta Smelt","y"
336,"EDSM",2019,7/8/2019 0:00:00,"19-50-LSSC02","Delta Smelt","y"
337,"EDSM",2019,7/8/2019 0:00:00,"19-50-LSSC02","Delta Smelt","y"
338,"EDSM",2019,7/29/2019 0:00:00,"19-53-LSSC02","Delta Smelt","y"
339,"EDSM",2019,7/29/2019 0:00:00,"19-53-LSSC02","Delta Smelt","y"
340,"EDSM",2019,7/29/2019 0:00:00,"19-53-LSSC02","Delta Smelt","y"
341,"EDSM",2019,7/29/2019 0:00:00,"19-53-LSSC01","Delta Smelt","y"
342,"EDSM",2019,9/13/2019 0:00:00,"20-07-SBM01","Delta Smelt","Y"
343,"EDSM",2019,9/17/2019 0:00:00,"20-08-CF01","Delta Smelt","Y"
344,"EDSM",2019,9/17/2019 0:00:00,"20-08-CF01","Delta Smelt","Y"
345,"EDSM",2019,10/7/2019 0:00:00,"20-11-LSR03","Delta Smelt","Y"
346,"EDSM",2019,10/23/2019 0:00:00,"20-13-CF01","Delta Smelt","Y"
347,"EDSM",2019,10/28/2019 0:00:00,"20-14-LSR01","Delta Smelt","Y"
348,"EDSM",2019,10/22/2019 0:00:00,"20-13-HB01","Delta Smelt","Y"
349,"EDSM",2019,7/8/2019 0:00:00,"19-50-LSSC02","Delta Smelt","Y"
351,"EDSM",2019,7/30/2019 0:00:00,"19-53-LSSC05","Delta Smelt","Y"
352,"EDSM",2019,9/9/2019 0:00:00,"20-07-LSSC01","Delta Smelt","Y"
353,"EDSM",2019,9/10/2019 0:00:00,"20-07-LSSC03","Delta Smelt","Y"
354,"EDSM",2019,10/29/2019 0:00:00,"20-14-LSSC05","Delta Smelt","Y"
355,"EDSM",2019,10/15/2019 0:00:00,"20-12-LSSC01","Delta Smelt","Y"
356,"ELS",2019,5/14/2019 0:00:00,"19-42-GBSM01","Delta Smelt","Y"
357,"ELS",2019,5/7/2019 0:00:00,"19-41-SC02","Delta Smelt","Y"
358,"ELS",2019,5/21/2019 0:00:00,"19-43-SC03","Delta Smelt","Y"
359,"ELS",2019,5/7/2019 0:00:00,"19-41-SC03","Delta Smelt","Y"
360,"ELS",2019,4/23/2019 0:00:00,"19-39-SC01","Delta Smelt","Y"
361,"ELS",2019,5/7/2019 0:00:00,"19-41-SC04","Delta Smelt","Y"
362,"ELS",2019,4/25/2019 0:00:00,"19-39-SL05","Delta Smelt","Y"
364,"ELS",2019,5/21/2019 0:00:00,"19-43-SC05","Delta Smelt","Y"
365,"ELS",2019,4/23/2019 0:00:00,"19-39-SC01","Delta Smelt","Y"
366,"ELS",2019,4/23/2019 0:00:00,"19-39-SC03","Delta Smelt","y"
367,"ELS",2019,4/23/2019 0:00:00,"19-39-SC03","Delta Smelt","y"
369,"ELS",2019,5/21/2019 0:00:00,"19-43-SC03","Delta Smelt","y"
370,"ELS",2019,5/21/2019 0:00:00,"19-43-SC04","Delta Smelt","y"
371,"ELS",2019,5/7/2019 0:00:00,"19-41-SC03","Delta Smelt","y"
372,"ELS",2019,4/23/2019 0:00:00,"19-39-SC01","Delta Smelt","y"
373,"ELS",2019,4/23/2019 0:00:00,"19-39-SC02","Delta Smelt","y"
374,"ELS",2019,4/23/2019 0:00:00,"19-39-SC03","Delta Smelt","y"
375,"ELS",2019,4/23/2019 0:00:00,"19-39-SC01","Delta Smelt","y"
376,"ELS",2019,4/4/2019 0:00:00,"19-36-DI04","Delta Smelt","y"
378,"ELS",2019,5/21/2019 0:00:00,"19-43-SC05","Delta Smelt","y"
379,"ELS",2019,5/21/2019 0:00:00,"19-43-SC01","Delta Smelt","y"
380,"ELS",2019,5/21/2019 0:00:00,"19-43-SC05","Delta Smelt","y"
383,"ELS",2019,5/21/2019 0:00:00,"19-43-SC05","Delta Smelt","y"
384,"ELS",2019,5/21/2019 0:00:00,"19-43-SC02","Delta Smelt","y"
385,"ELS",2019,5/7/2019 0:00:00,"19-41-SC04","Delta Smelt","y"
386,"ELS",2019,5/21/2019 0:00:00,"19-43-SC01","Delta Smelt","y"
387,"ELS",2019,5/21/2019 0:00:00,"19-43-SC02","Delta Smelt","y"
389,"ELS",2019,5/21/2019 0:00:00,"19-43-SC01","Delta Smelt","y"
390,"ELS",2019,5/21/2019 0:00:00,"19-43-SC02","Delta Smelt","Y"
391,"ELS",2019,5/21/2019 0:00:00,"19-43-SC01","Delta Smelt","Y"
392,"ELS",2019,5/21/2019 0:00:00,"19-43-SC03","Delta Smelt","Y"
393,"ELS",2019,5/21/2019 0:00:00,"19-43-SC03","Delta Smelt","Y"
394,"ELS",2019,5/21/2019 0:00:00,"19-43-SC03","Delta Smelt","Y"
395,"ELS",2019,5/21/2019 0:00:00,"19-43-SC05","Delta Smelt","Y"
396,"ELS",2019,5/21/2019 0:00:00,"19-43-SC05","Delta Smelt","Y"
397,"ELS",2019,5/21/2019 0:00:00,"19-43-SC01","Delta Smelt","Y"
398,"ELS",2019,5/21/2019 0:00:00,"19-43-SC01","Delta Smelt","Y"
399,"ELS",2019,5/21/2019 0:00:00,"19-43-SC05","Delta Smelt","Y"
400,"ELS",2019,5/21/2019 0:00:00,"19-43-SC03","Delta Smelt","Y"
402,"ELS",2019,5/7/2019 0:00:00,"19-41-SC06","Delta Smelt","Y"
403,"ELS",2019,6/5/2019 0:00:00,"19-45-LSSC05","Delta Smelt","Y"
404,"EDSM",2020,4/15/2020 0:00:00,"20-38-USSC02","Delta Smelt","Y"
405,"EDSM",2020,5/11/2020 0:00:00,"20-42-LSSC01","Delta Smelt","Y"
406,"EDSM",2020,5/11/2020 0:00:00,"20-42-LSSC04","Delta Smelt","Y"
407,"EDSM",2020,5/19/2020 0:00:00,"20-43-LSSC02","Delta Smelt","Y"
408,"EDSM",2020,5/19/2020 0:00:00,"20-43-LSSC08","Delta Smelt","Y"
409,"EDSM",2020,5/20/2020 0:00:00,"20-43-LSSC05","Delta Smelt","Y"
410,"EDSM",2020,5/22/2020 0:00:00,"20-43-LSSC05","Delta Smelt","Y"
411,"EDSM",2020,5/24/2020 0:00:00,"20-43-LSSC06","Delta Smelt","Y"
412,"EDSM",2020,6/2/2020 0:00:00,"20-45-LSSC03","Delta Smelt","Y"
413,"ELS",2019,4/23/2019 0:00:00,"19-39-SC01","Delta Smelt","Y"
414,"ELS",2019,4/23/2019 0:00:00,"19-39-SC05","Delta Smelt","Y"
415,"ELS",2019,5/30/2019 0:00:00,"19-44-GBSM42","Delta Smelt","Y"
416,"ELS",2019,5/21/2019 0:00:00,"19-43-SC03","Delta Smelt","Y"
417,"EDSM",2020,4/9/2020 0:00:00,"20-37-USSC04","Delta Smelt","Y"
418,"EDSM",2020,4/20/2020 0:00:00,"20-39-USSC01","Delta Smelt","Y"
419,"EDSM",2020,4/21/2020 0:00:00,"20-39-LSSC05","Delta Smelt","Y"
420,"EDSM",2020,8/6/2020 0:00:00,"21-02-LSR03","Delta Smelt","y"
421,"EDSM",2020,7/8/2020 0:00:00,"20-50-LSR01","Delta Smelt","y"
422,"EDSM",2020,7/8/2020 0:00:00,"20-50-LSR01","Delta Smelt","y"
423,"EDSM",2020,7/8/2020 0:00:00,"20-50-LSR01","Delta Smelt","y"
424,"EDSM",2020,7/9/2020 0:00:00,"20-50-RV02","Delta Smelt","y"
425,"EDSM",2020,7/2/2020 0:00:00,"20-49-LSSC05","Delta Smelt","y"
426,"EDSM",2020,7/6/2020 0:00:00,"20-50-LSSC01","Delta Smelt","y"
427,"EDSM",2020,7/6/2020 0:00:00,"20-50-LSSC02","Delta Smelt","y"
428,"EDSM",2020,7/7/2020 0:00:00,"20-50-LSSC05","Delta Smelt","y"
430,"EDSM",2020,8/5/2020 0:00:00,"21-02-LSSC05","Delta Smelt","y"
431,"EDSM",2020,8/12/2020 0:00:00,"21-03-LSSC01","Delta Smelt","y"
432,"EDSM",2020,8/13/2020 0:00:00,"21-03-LSSC05","Delta Smelt","y"
433,"EDSM",2019,7/3/2019 0:00:00,"19-49-SM02","Delta Smelt","y"
434,"EDSM",2019,7/3/2019 0:00:00,"19-49-SM02","Delta Smelt","y"
435,"EDSM",2020,7/1/2020 0:00:00,"20-49-CF01","Delta Smelt","y"
436,"EDSM",2020,7/1/2020 0:00:00,"20-49-CF01","Delta Smelt","y"
437,"EDSM",2020,7/21/2020 0:00:00,"20-52-GB01","Delta Smelt","y"
438,"EDSM",2020,7/8/2020 0:00:00,"20-50-LSR01","Delta Smelt","y"
441,"EDSM",2020,8/11/2020 0:00:00,"21-03-GB01","Delta Smelt","y"
442,"EDSM",2020,6/2/2020 0:00:00,"20-45-SM07","Delta Smelt","y"
443,"EDSM",2020,9/23/2020 0:00:00,"21-09-SM03","Delta Smelt","Y"
