FLaSHLogNumber,Project,Year,SurveyDate,Station,Species,GutContents
1,STN,2011,25-Aug-11,602,Delta Smelt,Y
2,STN,2011,25-Aug-11,602,Delta Smelt,Y
3,STN,2011,24-Aug-11,501,Delta Smelt,Y
4,STN,2011,26-Aug-11,340,Delta Smelt,Y
5,STN,2011,25-Aug-11,602,Delta Smelt,Y
6,STN,2011,24-Aug-11,519,Delta Smelt,Y
7,STN,2011,25-Aug-11,602,Delta Smelt,Y
8,STN,2011,25-Aug-11,602,Delta Smelt,Y
9,STN,2011,25-Aug-11,602,Delta Smelt,Y
10,STN,2011,25-Aug-11,602,Delta Smelt,Y
11,STN,2011,25-Aug-11,602,Delta Smelt,Y
12,STN,2011,25-Aug-11,602,Delta Smelt,Y
13,STN,2011,25-Aug-11,602,Delta Smelt,Y
14,STN,2011,25-Aug-11,418,Delta Smelt,Y
15,STN,2011,24-Aug-11,501,Delta Smelt,Y
16,STN,2011,23-Aug-11,716,Delta Smelt,Y
17,STN,2011,23-Aug-11,716,Delta Smelt,Y
18,STN,2011,23-Aug-11,716,Delta Smelt,Y
19,STN,2011,25-Aug-11,602,Delta Smelt,Y
20,STN,2011,25-Aug-11,602,Delta Smelt,Y
21,STN,2011,25-Aug-11,602,Delta Smelt,Y
22,STN,2011,25-Aug-11,602,Delta Smelt,Y
23,STN,2011,25-Aug-11,602,Delta Smelt,Y
24,STN,2011,25-Aug-11,602,Delta Smelt,Y
25,STN,2011,25-Aug-11,602,Delta Smelt,Y
26,STN,2011,25-Aug-11,602,Delta Smelt,Y
27,STN,2011,24-Aug-11,501,Delta Smelt,Y
28,STN,2011,23-Aug-11,716,Delta Smelt,Y
29,STN,2011,23-Aug-11,716,Delta Smelt,Y
30,STN,2011,23-Aug-11,716,Delta Smelt,Y
31,FMWT,2011,8-Sep-11,413,Delta Smelt,Y
32,FMWT,2011,8-Sep-11,502,Delta Smelt,Y
33,FMWT,2011,8-Sep-11,502,Delta Smelt,Y
34,FMWT,2011,8-Sep-11,413,Delta Smelt,Y
35,FMWT,2011,8-Sep-11,413,Delta Smelt,Y
36,STN,2011,23-Aug-11,716,Delta Smelt,Y
37,STN,2011,23-Aug-11,716,Delta Smelt,Y
38,STN,2011,23-Aug-11,716,Delta Smelt,Y
39,FMWT,2011,8-Sep-11,504,Delta Smelt,Y
40,STN,2011,23-Aug-11,716,Delta Smelt,Y
41,STN,2011,23-Aug-11,716,Delta Smelt,Y
42,STN,2011,23-Aug-11,716,Delta Smelt,Y
43,STN,2011,23-Aug-11,716,Delta Smelt,Y
44,STN,2011,23-Aug-11,797,Delta Smelt,Y
45,STN,2011,23-Aug-11,716,Delta Smelt,Y
46,STN,2011,23-Aug-11,716,Delta Smelt,Y
47,STN,2011,23-Aug-11,716,Delta Smelt,Y
48,STN,2011,23-Aug-11,797,Delta Smelt,Y
49,STN,2011,23-Aug-11,716,Delta Smelt,Y
50,STN,2011,23-Aug-11,716,Delta Smelt,Y
51,STN,2011,23-Aug-11,797,Delta Smelt,Y
52,STN,2011,23-Aug-11,716,Delta Smelt,Y
53,STN,2011,23-Aug-11,716,Delta Smelt,Y
54,STN,2011,23-Aug-11,716,Delta Smelt,Y
55,STN,2011,23-Aug-11,716,Delta Smelt,Y
56,STN,2011,23-Aug-11,716,Delta Smelt,Y
57,STN,2011,23-Aug-11,716,Delta Smelt,Y
58,STN,2011,23-Aug-11,716,Delta Smelt,Y
59,STN,2011,23-Aug-11,716,Delta Smelt,Y
60,STN,2011,23-Aug-11,716,Delta Smelt,Y
61,FMWT,2011,8-Sep-11,504,Delta Smelt,Y
62,FMWT,2011,8-Sep-11,504,Delta Smelt,Y
63,STN,2011,23-Aug-11,716,Delta Smelt,Y
64,STN,2011,23-Aug-11,716,Delta Smelt,Y
65,STN,2011,23-Aug-11,716,Delta Smelt,Y
66,STN,2011,23-Aug-11,716,Delta Smelt,Y
67,STN,2011,23-Aug-11,716,Delta Smelt,Y
68,STN,2011,23-Aug-11,797,Delta Smelt,Y
69,STN,2011,23-Aug-11,716,Delta Smelt,Y
70,STN,2011,23-Aug-11,716,Delta Smelt,Y
71,STN,2011,23-Aug-11,716,Delta Smelt,Y
72,STN,2011,23-Aug-11,716,Delta Smelt,Y
73,STN,2011,23-Aug-11,716,Delta Smelt,Y
74,STN,2011,23-Aug-11,716,Delta Smelt,Y
75,FMWT,2011,8-Sep-11,405,Delta Smelt,N
76,FMWT,2011,8-Sep-11,405,Delta Smelt,Y
77,FMWT,2011,8-Sep-11,405,Delta Smelt,Y
78,FMWT,2011,8-Sep-11,405,Delta Smelt,Y
79,FMWT,2011,8-Sep-11,405,Delta Smelt,Y
80,FMWT,2011,8-Sep-11,411,Delta Smelt,Y
81,FMWT,2011,8-Sep-11,411,Delta Smelt,Y
82,FMWT,2011,8-Sep-11,501,Delta Smelt,Y
83,STN,2011,25-Aug-11,602,Delta Smelt,Y
84,STN,2011,25-Aug-11,418,Delta Smelt,Y
85,STN,2011,25-Aug-11,602,Delta Smelt,Y
86,FMWT,2011,13-Sep-11,518,Delta Smelt,Y
87,FMWT,2011,13-Sep-11,507,Delta Smelt,Y
88,FMWT,2011,13-Sep-11,519,Delta Smelt,Y
89,FMWT,2011,13-Sep-11,519,Delta Smelt,Y
90,FMWT,2011,13-Sep-11,515,Delta Smelt,Y
91,FMWT,2011,13-Sep-11,507,Delta Smelt,Y
92,FMWT,2011,13-Sep-11,519,Delta Smelt,Y
93,FMWT,2011,13-Sep-11,518,Delta Smelt,Y
94,FMWT,2011,13-Sep-11,519,Delta Smelt,Y
95,FMWT,2011,13-Sep-11,519,Delta Smelt,Y
96,FMWT,2011,13-Sep-11,519,Delta Smelt,Y
97,FMWT,2011,13-Sep-11,519,Delta Smelt,Y
98,FMWT,2011,13-Sep-11,519,Delta Smelt,Y
99,FMWT,2011,13-Sep-11,518,Delta Smelt,Y
100,FMWT,2011,13-Sep-11,515,Delta Smelt,Y
101,FMWT,2011,14-Sep-11,715,Delta Smelt,Y
102,FMWT,2011,13-Sep-11,507,Delta Smelt,Y
103,FMWT,2011,13-Sep-11,512,Delta Smelt,Y
104,FMWT,2011,12-Sep-11,802,Delta Smelt,Y
105,FMWT,2011,13-Sep-11,507,Delta Smelt,Y
106,FMWT,2011,13-Sep-11,516,Delta Smelt,Y
107,FMWT,2011,14-Sep-11,715,Delta Smelt,Y
108,FMWT,2011,13-Sep-11,518,Delta Smelt,Y
109,FMWT,2011,13-Sep-11,507,Delta Smelt,Y
110,FMWT,2011,7-Oct-11,508,Delta Smelt,Y
111,FMWT,2011,7-Oct-11,518,Delta Smelt,Y
112,FMWT,2011,7-Oct-11,507,Delta Smelt,Y
113,FMWT,2011,7-Oct-11,507,Delta Smelt,Y
114,FMWT,2011,7-Oct-11,507,Delta Smelt,Y
115,FMWT,2011,7-Oct-11,507,Delta Smelt,Y
116,FMWT,2011,7-Oct-11,518,Delta Smelt,Y
117,FMWT,2011,7-Oct-11,507,Delta Smelt,Y
118,FMWT,2011,7-Oct-11,507,Delta Smelt,Y
119,FMWT,2011,7-Oct-11,507,Delta Smelt,Y
120,FMWT,2011,7-Oct-11,507,Delta Smelt,Y
121,FMWT,2011,7-Oct-11,518,Delta Smelt,Y
122,FMWT,2011,7-Oct-11,511,Delta Smelt,Y
123,FMWT,2011,7-Oct-11,507,Delta Smelt,Y
124,FMWT,2011,7-Oct-11,507,Delta Smelt,Y
125,FMWT,2011,7-Oct-11,507,Delta Smelt,Y
126,FMWT,2011,7-Oct-11,509,Delta Smelt,Y
127,FMWT,2011,7-Oct-11,507,Delta Smelt,Y
128,FMWT,2011,7-Oct-11,507,Delta Smelt,Y
129,FMWT,2011,7-Oct-11,518,Delta Smelt,Y
130,FMWT,2011,7-Oct-11,519,Delta Smelt,Y
131,FMWT,2011,7-Oct-11,507,Delta Smelt,Y
132,FMWT,2011,7-Oct-11,509,Delta Smelt,Y
133,FMWT,2011,7-Oct-11,507,Delta Smelt,Y
134,FMWT,2011,7-Oct-11,518,Delta Smelt,Y
135,FMWT,2011,7-Oct-11,507,Delta Smelt,Y
136,FMWT,2011,7-Oct-11,508,Delta Smelt,Y
137,FMWT,2011,7-Oct-11,509,Delta Smelt,Y
138,FMWT,2011,7-Oct-11,507,Delta Smelt,Y
139,FMWT,2011,7-Oct-11,518,Delta Smelt,Y
140,FMWT,2011,7-Oct-11,510,Delta Smelt,Y
141,FMWT,2011,7-Oct-11,507,Delta Smelt,Y
142,FMWT,2011,7-Oct-11,507,Delta Smelt,Y
143,FMWT,2011,7-Oct-11,507,Delta Smelt,Y
144,FMWT,2011,7-Oct-11,507,Delta Smelt,Y
145,FMWT,2011,12-Dec-11,706,Delta Smelt,Y
146,FMWT,2011,12-Dec-11,706,Delta Smelt,Y
147,FMWT,2011,9-Dec-11,519,Delta Smelt,Y
148,FMWT,2011,9-Dec-11,519,Delta Smelt,Y
149,FMWT,2011,12-Dec-11,703,Delta Smelt,Y
150,FMWT,2011,13-Dec-11,807,Delta Smelt,Y
151,FMWT,2011,12-Dec-11,705,Delta Smelt,Y
152,FMWT,2011,12-Dec-11,706,Delta Smelt,Y
153,FMWT,2011,12-Dec-11,705,Delta Smelt,Y
154,FMWT,2011,7-Oct-11,507,Delta Smelt,Y
155,FMWT,2011,7-Oct-11,507,Delta Smelt,Y
156,FMWT,2011,7-Oct-11,519,Delta Smelt,Y
157,FMWT,2011,7-Oct-11,517,Delta Smelt,Y
158,FMWT,2011,7-Oct-11,507,Delta Smelt,Y
159,FMWT,2011,7-Oct-11,518,Delta Smelt,Y
160,FMWT,2011,10-Oct-11,721,Delta Smelt,Y
161,FMWT,2011,10-Oct-11,721,Delta Smelt,Y
162,FMWT,2011,10-Oct-11,721,Delta Smelt,Y
163,FMWT,2011,15-Nov-11,703,Delta Smelt,Y
164,FMWT,2011,14-Nov-11,517,Delta Smelt,Y
165,FMWT,2011,15-Nov-11,704,Delta Smelt,Y
166,FMWT,2011,8-Sep-11,502,Delta Smelt,Y
167,FMWT,2011,8-Sep-11,502,Delta Smelt,Y
168,STN,2011,25-Aug-11,418,Delta Smelt,N
169,FMWT,2011,15-Nov-11,704,Delta Smelt,Y
170,FMWT,2011,15-Nov-11,704,Delta Smelt,Y
171,FMWT,2011,21-Nov-11,797,Delta Smelt,Y
172,FMWT,2011,21-Nov-11,719,Delta Smelt,Y
173,FMWT,2011,21-Nov-11,719,Delta Smelt,Y
174,FMWT,2011,21-Nov-11,719,Delta Smelt,Y
175,FMWT,2011,21-Nov-11,719,Delta Smelt,Y
176,FMWT,2011,21-Nov-11,797,Delta Smelt,Y
177,FMWT,2011,21-Nov-11,797,Delta Smelt,Y
178,FMWT,2011,21-Nov-11,719,Delta Smelt,Y
179,FMWT,2011,21-Nov-11,797,Delta Smelt,Y
180,FMWT,2011,21-Nov-11,719,Delta Smelt,Y
181,FMWT,2011,21-Nov-11,719,Delta Smelt,Y
182,FMWT,2011,21-Nov-11,719,Delta Smelt,Y
183,FMWT,2011,21-Nov-11,797,Delta Smelt,Y
184,FMWT,2011,21-Nov-11,719,Delta Smelt,Y
185,FMWT,2011,21-Nov-11,797,Delta Smelt,Y
186,FMWT,2011,8-Dec-11,606,Delta Smelt,Y
187,FMWT,2011,8-Dec-11,606,Delta Smelt,Y
188,FMWT,2011,8-Dec-11,606,Delta Smelt,Y
189,FMWT,2011,10-Nov-11,606,Delta Smelt,Y
190,FMWT,2011,10-Nov-11,606,Delta Smelt,Y
191,FMWT,2011,10-Nov-11,606,Delta Smelt,Y
192,FMWT,2011,10-Nov-11,606,Delta Smelt,Y
193,FMWT,2011,10-Nov-11,606,Delta Smelt,Y
194,FMWT,2011,9-Nov-11,412,Delta Smelt,Y
195,FMWT,2011,10-Nov-11,606,Delta Smelt,Y
196,FMWT,2011,9-Nov-11,412,Delta Smelt,Y
197,FMWT,2011,9-Nov-11,407,Delta Smelt,N
198,FMWT,2011,21-Nov-11,797,Delta Smelt,Y
199,FMWT,2011,21-Nov-11,719,Delta Smelt,Y
200,FMWT,2011,21-Nov-11,797,Delta Smelt,Y
201,FMWT,2011,15-Nov-11,704,Delta Smelt,Y
202,FMWT,2011,14-Nov-11,518,Delta Smelt,Y
203,FMWT,2011,10-Nov-11,606,Delta Smelt,Y
204,FMWT,2011,10-Nov-11,601,Delta Smelt,Y
205,FMWT,2011,10-Nov-11,606,Delta Smelt,Y
206,FMWT,2011,15-Nov-11,705,Delta Smelt,Y
207,FMWT,2011,10-Nov-11,606,Delta Smelt,Y
208,FMWT,2011,10-Nov-11,606,Delta Smelt,Y
209,FMWT,2011,14-Nov-11,517,Delta Smelt,Y
210,FMWT,2011,10-Nov-11,606,Delta Smelt,Y
211,FMWT,2011,16-Dec-11,719,Delta Smelt,Y
212,FMWT,2011,16-Dec-11,719,Delta Smelt,Y
213,FMWT,2011,13-Dec-11,807,Delta Smelt,Y
214,FMWT,2011,16-Dec-11,797,Delta Smelt,N
215,FMWT,2011,16-Dec-11,719,Delta Smelt,Y
216,FMWT,2011,13-Dec-11,806,Delta Smelt,Y
217,FMWT,2011,16-Dec-11,719,Delta Smelt,Y
218,FMWT,2011,16-Dec-11,719,Delta Smelt,Y
219,FMWT,2011,16-Dec-11,797,Delta Smelt,Y
220,FMWT,2011,16-Dec-11,719,Delta Smelt,Y
221,FMWT,2011,9-Dec-11,515,Delta Smelt,Y
222,FMWT,2011,9-Dec-11,518,Delta Smelt,Y
223,FMWT,2011,9-Dec-11,519,Delta Smelt,Y
224,FMWT,2011,9-Dec-11,507,Delta Smelt,Y
225,FMWT,2011,9-Dec-11,507,Delta Smelt,Y
226,FMWT,2011,9-Dec-11,518,Delta Smelt,Y
227,FMWT,2011,9-Dec-11,518,Delta Smelt,Y
228,FMWT,2011,12-Dec-11,704,Delta Smelt,Y
229,FMWT,2011,12-Dec-11,706,Delta Smelt,Y
230,FMWT,2011,12-Dec-11,705,Delta Smelt,Y
231,FMWT,2011,12-Dec-11,703,Delta Smelt,Y
232,FMWT,2011,12-Dec-11,705,Delta Smelt,Y
233,FMWT,2011,9-Dec-11,518,Delta Smelt,Y
234,FMWT,2011,8-Dec-11,606,Delta Smelt,Y
235,FMWT,2011,12-Dec-11,704,Delta Smelt,Y
236,FMWT,2011,12-Dec-11,706,Delta Smelt,Y
237,FMWT,2011,12-Dec-11,706,Delta Smelt,Y
238,FMWT,2011,12-Dec-11,706,Delta Smelt,Y
239,FMWT,2011,12-Dec-11,706,Delta Smelt,Y
240,FMWT,2011,12-Dec-11,706,Delta Smelt,Y
241,FMWT,2011,8-Dec-11,606,Delta Smelt,Y
242,FMWT,2011,12-Dec-11,706,Delta Smelt,Y
243,FMWT,2011,12-Dec-11,704,Delta Smelt,Y
244,FMWT,2011,12-Dec-11,705,Delta Smelt,Y
245,FMWT,2011,8-Dec-11,606,Delta Smelt,Y
246,FMWT,2011,12-Dec-11,703,Delta Smelt,Y
247,FMWT,2011,8-Dec-11,417,Delta Smelt,Y
248,FMWT,2011,12-Dec-11,704,Delta Smelt,Y
249,FMWT,2011,8-Dec-11,606,Delta Smelt,Y
250,FMWT,2011,8-Dec-11,606,Delta Smelt,Y
251,FMWT,2011,8-Dec-11,606,Delta Smelt,Y
252,FMWT,2011,12-Dec-11,705,Delta Smelt,Y
253,FMWT,2011,12-Dec-11,705,Delta Smelt,Y
254,FMWT,2011,12-Dec-11,703,Delta Smelt,Y
255,FMWT,2011,12-Dec-11,705,Delta Smelt,Y
256,FMWT,2011,12-Dec-11,703,Delta Smelt,Y
257,FMWT,2011,8-Dec-11,606,Delta Smelt,Y
258,FMWT,2011,12-Dec-11,703,Delta Smelt,Y
259,FMWT,2011,12-Dec-11,705,Delta Smelt,Y
260,FMWT,2011,12-Dec-11,704,Delta Smelt,Y
261,FMWT,2011,12-Dec-11,705,Delta Smelt,Y
262,FMWT,2011,12-Dec-11,703,Delta Smelt,Y
263,FMWT,2011,12-Dec-11,705,Delta Smelt,Y
264,FMWT,2011,12-Dec-11,705,Delta Smelt,Y
265,FMWT,2011,12-Dec-11,705,Delta Smelt,Y
266,FMWT,2011,12-Dec-11,703,Delta Smelt,Y
267,FMWT,2011,12-Dec-11,703,Delta Smelt,Y
268,FMWT,2011,7-Dec-11,502,Delta Smelt,Y
269,FMWT,2011,12-Dec-11,705,Delta Smelt,Y
270,FMWT,2011,12-Dec-11,704,Delta Smelt,Y
271,FMWT,2011,9-Dec-11,517,Delta Smelt,Y
272,FMWT,2011,9-Dec-11,519,Delta Smelt,Y
273,FMWT,2011,9-Dec-11,518,Delta Smelt,Y
274,FMWT,2011,9-Dec-11,517,Delta Smelt,Y
275,FMWT,2011,9-Dec-11,518,Delta Smelt,Y
276,FMWT,2011,9-Dec-11,519,Delta Smelt,Y
277,FMWT,2011,9-Dec-11,519,Delta Smelt,Y
278,FMWT,2011,9-Dec-11,517,Delta Smelt,Y
279,FMWT,2011,9-Dec-11,509,Delta Smelt,Y
280,FMWT,2011,12-Dec-11,705,Delta Smelt,Y
281,FMWT,2011,12-Dec-11,705,Delta Smelt,Y
282,FMWT,2011,12-Dec-11,705,Delta Smelt,Y
283,FMWT,2011,12-Dec-11,703,Delta Smelt,Y
284,FMWT,2011,12-Dec-11,705,Delta Smelt,Y
285,FMWT,2011,9-Dec-11,516,Delta Smelt,Y
286,FMWT,2011,12-Dec-11,705,Delta Smelt,Y
287,FMWT,2011,5-Oct-11,411,Delta Smelt,Y
288,FMWT,2011,5-Oct-11,505,Delta Smelt,Y
289,FMWT,2011,12-Dec-11,703,Delta Smelt,Y
290,FMWT,2011,12-Dec-11,703,Delta Smelt,Y
291,FMWT,2011,12-Dec-11,705,Delta Smelt,Y
292,FMWT,2011,12-Dec-11,705,Delta Smelt,Y
293,FMWT,2011,12-Dec-11,704,Delta Smelt,Y
294,FMWT,2011,12-Dec-11,705,Delta Smelt,Y
295,FMWT,2011,8-Dec-11,606,Delta Smelt,Y
296,FMWT,2011,8-Dec-11,606,Delta Smelt,Y
297,FMWT,2011,8-Dec-11,605,Delta Smelt,Y
298,FMWT,2011,8-Dec-11,606,Delta Smelt,Y
299,SKT,2012,20-Jan-12,501,Delta Smelt,Y
300,SKT,2012,20-Jan-12,501,Delta Smelt,Y
301,SKT,2012,20-Jan-12,501,Delta Smelt,Y
302,SKT,2012,20-Jan-12,501,Delta Smelt,Y
303,SKT,2012,20-Jan-12,501,Delta Smelt,Y
304,SKT,2012,20-Jan-12,501,Delta Smelt,Y
305,SKT,2012,20-Jan-12,501,Delta Smelt,Y
306,SKT,2012,20-Jan-12,501,Delta Smelt,Y
307,SKT,2012,20-Jan-12,501,Delta Smelt,Y
308,SKT,2012,20-Jan-12,501,Delta Smelt,Y
309,SKT,2012,18-Jan-12,504,Delta Smelt,Y
310,SKT,2012,18-Jan-12,504,Delta Smelt,Y
311,SKT,2012,18-Jan-12,504,Delta Smelt,Y
312,SKT,2012,18-Jan-12,508,Delta Smelt,Y
313,SKT,2012,18-Jan-12,508,Delta Smelt,Y
314,SKT,2012,18-Jan-12,508,Delta Smelt,Y
315,SKT,2012,18-Jan-12,508,Delta Smelt,Y
316,SKT,2012,18-Jan-12,508,Delta Smelt,Y
317,SKT,2012,18-Jan-12,508,Delta Smelt,Y
318,SKT,2012,18-Jan-12,508,Delta Smelt,Y
319,SKT,2012,18-Jan-12,508,Delta Smelt,Y
320,SKT,2012,18-Jan-12,513,Delta Smelt,Y
321,SKT,2012,18-Jan-12,519,Delta Smelt,Y
322,SKT,2012,18-Jan-12,519,Delta Smelt,Y
323,SKT,2012,18-Jan-12,519,Delta Smelt,Y
324,SKT,2012,18-Jan-12,519,Delta Smelt,Y
325,SKT,2012,18-Jan-12,519,Delta Smelt,Y
326,SKT,2012,18-Jan-12,519,Delta Smelt,Y
327,SKT,2012,18-Jan-12,519,Delta Smelt,Y
328,SKT,2012,18-Jan-12,519,Delta Smelt,Y
329,SKT,2012,18-Jan-12,519,Delta Smelt,Y
330,SKT,2012,18-Jan-12,519,Delta Smelt,Y
331,SKT,2012,20-Jan-12,520,Delta Smelt,Y
332,SKT,2012,20-Jan-12,520,Delta Smelt,Y
333,SKT,2012,20-Jan-12,520,Delta Smelt,Y
334,SKT,2012,20-Jan-12,520,Delta Smelt,Y
335,SKT,2012,20-Jan-12,520,Delta Smelt,Y
336,SKT,2012,20-Jan-12,520,Delta Smelt,Y
337,SKT,2012,20-Jan-12,520,Delta Smelt,Y
338,SKT,2012,20-Jan-12,520,Delta Smelt,Y
339,SKT,2012,20-Jan-12,520,Delta Smelt,Y
340,SKT,2012,20-Jan-12,520,Delta Smelt,Y
341,SKT,2012,20-Jan-12,520,Delta Smelt,Y
342,SKT,2012,20-Jan-12,520,Delta Smelt,Y
343,SKT,2012,20-Jan-12,520,Delta Smelt,Y
344,SKT,2012,20-Jan-12,606,Delta Smelt,Y
345,SKT,2012,20-Jan-12,606,Delta Smelt,Y
346,SKT,2012,20-Jan-12,606,Delta Smelt,Y
347,SKT,2012,20-Jan-12,606,Delta Smelt,Y
348,SKT,2012,20-Jan-12,606,Delta Smelt,Y
349,SKT,2012,20-Jan-12,606,Delta Smelt,Y
350,SKT,2012,20-Jan-12,606,Delta Smelt,Y
351,SKT,2012,20-Jan-12,606,Delta Smelt,Y
352,SKT,2012,20-Jan-12,606,Delta Smelt,Y
353,SKT,2012,20-Jan-12,606,Delta Smelt,Y
354,SKT,2012,20-Jan-12,609,Delta Smelt,Y
355,SKT,2012,20-Jan-12,609,Delta Smelt,Y
356,SKT,2012,20-Jan-12,609,Delta Smelt,Y
357,SKT,2012,20-Jan-12,609,Delta Smelt,Y
358,SKT,2012,20-Jan-12,609,Delta Smelt,Y
359,SKT,2012,20-Jan-12,609,Delta Smelt,Y
360,SKT,2012,20-Jan-12,609,Delta Smelt,Y
361,SKT,2012,20-Jan-12,609,Delta Smelt,Y
362,SKT,2012,20-Jan-12,609,Delta Smelt,Y
363,SKT,2012,20-Jan-12,609,Delta Smelt,Y
364,SKT,2012,19-Jan-12,704,Delta Smelt,Y
365,SKT,2012,19-Jan-12,704,Delta Smelt,Y
366,SKT,2012,19-Jan-12,704,Delta Smelt,Y
367,SKT,2012,19-Jan-12,704,Delta Smelt,Y
368,SKT,2012,19-Jan-12,704,Delta Smelt,Y
369,SKT,2012,19-Jan-12,704,Delta Smelt,Y
370,SKT,2012,19-Jan-12,704,Delta Smelt,Y
371,SKT,2012,19-Jan-12,704,Delta Smelt,Y
372,SKT,2012,19-Jan-12,704,Delta Smelt,Y
373,SKT,2012,19-Jan-12,704,Delta Smelt,Y
374,SKT,2012,19-Jan-12,706,Delta Smelt,Y
375,SKT,2012,19-Jan-12,706,Delta Smelt,Y
376,SKT,2012,19-Jan-12,706,Delta Smelt,Y
377,SKT,2012,19-Jan-12,706,Delta Smelt,Y
378,SKT,2012,19-Jan-12,706,Delta Smelt,Y
379,SKT,2012,19-Jan-12,706,Delta Smelt,Y
380,SKT,2012,19-Jan-12,706,Delta Smelt,Y
381,SKT,2012,19-Jan-12,706,Delta Smelt,Y
382,SKT,2012,19-Jan-12,706,Delta Smelt,Y
383,SKT,2012,19-Jan-12,706,Delta Smelt,Y
384,SKT,2012,19-Jan-12,706,Delta Smelt,Y
385,SKT,2012,19-Jan-12,707,Delta Smelt,Y
386,SKT,2012,19-Jan-12,707,Delta Smelt,Y
387,SKT,2012,19-Jan-12,713,Delta Smelt,Y
388,SKT,2012,19-Jan-12,713,Delta Smelt,Y
389,SKT,2012,19-Jan-12,713,Delta Smelt,Y
390,SKT,2012,19-Jan-12,715,Delta Smelt,Y
391,SKT,2012,19-Jan-12,715,Delta Smelt,Y
392,SKT,2012,19-Jan-12,715,Delta Smelt,Y
393,SKT,2012,19-Jan-12,716,Delta Smelt,Y
394,SKT,2012,19-Jan-12,716,Delta Smelt,Y
395,SKT,2012,19-Jan-12,716,Delta Smelt,Y
396,SKT,2012,19-Jan-12,716,Delta Smelt,Y
397,SKT,2012,19-Jan-12,719,Delta Smelt,Y
398,SKT,2012,19-Jan-12,719,Delta Smelt,Y
399,SKT,2012,19-Jan-12,719,Delta Smelt,Y
400,SKT,2012,19-Jan-12,719,Delta Smelt,Y
401,SKT,2012,19-Jan-12,719,Delta Smelt,Y
402,SKT,2012,19-Jan-12,719,Delta Smelt,Y
403,SKT,2012,19-Jan-12,719,Delta Smelt,Y
404,SKT,2012,19-Jan-12,719,Delta Smelt,Y
405,SKT,2012,19-Jan-12,719,Delta Smelt,Y
406,SKT,2012,19-Jan-12,719,Delta Smelt,Y
407,SKT,2012,18-Jan-12,801,Delta Smelt,Y
408,SKT,2012,18-Jan-12,801,Delta Smelt,Y
409,SKT,2012,18-Jan-12,801,Delta Smelt,Y
410,SKT,2012,18-Jan-12,801,Delta Smelt,Y
411,SKT,2012,18-Jan-12,801,Delta Smelt,Y
412,SKT,2012,18-Jan-12,804,Delta Smelt,Y
413,SKT,2012,16-Feb-12,340,Delta Smelt,Y
414,SKT,2012,16-Feb-12,340,Delta Smelt,Y
415,SKT,2012,16-Feb-12,411,Delta Smelt,Y
416,SKT,2012,16-Feb-12,411,Delta Smelt,Y
417,SKT,2012,16-Feb-12,501,Delta Smelt,Y
418,SKT,2012,16-Feb-12,501,Delta Smelt,Y
419,SKT,2012,16-Feb-12,504,Delta Smelt,Y
420,SKT,2012,14-Feb-12,519,Delta Smelt,Y
421,SKT,2012,14-Feb-12,519,Delta Smelt,Y
422,SKT,2012,14-Feb-12,519,Delta Smelt,Y
423,SKT,2012,14-Feb-12,519,Delta Smelt,Y
424,SKT,2012,14-Feb-12,519,Delta Smelt,Y
425,SKT,2012,14-Feb-12,519,Delta Smelt,Y
426,SKT,2012,14-Feb-12,519,Delta Smelt,Y
427,SKT,2012,14-Feb-12,519,Delta Smelt,Y
428,SKT,2012,14-Feb-12,519,Delta Smelt,Y
429,SKT,2012,14-Feb-12,519,Delta Smelt,Y
430,SKT,2012,16-Feb-12,606,Delta Smelt,Y
431,SKT,2012,16-Feb-12,606,Delta Smelt,Y
432,SKT,2012,16-Feb-12,606,Delta Smelt,Y
433,SKT,2012,16-Feb-12,606,Delta Smelt,Y
434,SKT,2012,16-Feb-12,606,Delta Smelt,Y
435,SKT,2012,16-Feb-12,606,Delta Smelt,Y
436,SKT,2012,16-Feb-12,606,Delta Smelt,Y
437,SKT,2012,16-Feb-12,606,Delta Smelt,Y
438,SKT,2012,16-Feb-12,606,Delta Smelt,Y
439,SKT,2012,16-Feb-12,606,Delta Smelt,Y
440,SKT,2012,16-Feb-12,606,Delta Smelt,Y
441,SKT,2012,16-Feb-12,606,Delta Smelt,Y
442,SKT,2012,16-Feb-12,606,Delta Smelt,Y
443,SKT,2012,16-Feb-12,609,Delta Smelt,Y
444,SKT,2012,16-Feb-12,609,Delta Smelt,Y
445,SKT,2012,16-Feb-12,609,Delta Smelt,Y
446,SKT,2012,16-Feb-12,609,Delta Smelt,Y
447,SKT,2012,16-Feb-12,609,Delta Smelt,Y
448,SKT,2012,16-Feb-12,609,Delta Smelt,Y
449,SKT,2012,16-Feb-12,609,Delta Smelt,Y
450,SKT,2012,16-Feb-12,609,Delta Smelt,Y
451,SKT,2012,16-Feb-12,609,Delta Smelt,Y
452,SKT,2012,18-Jan-12,804,Delta Smelt,Y
453,SKT,2012,18-Jan-12,508,Delta Smelt,Y
454,SKT,2012,16-Feb-12,609,Delta Smelt,Y
455,SKT,2012,16-Feb-12,610,Delta Smelt,Y
456,SKT,2012,16-Feb-12,610,Delta Smelt,Y
457,SKT,2012,16-Feb-12,610,Delta Smelt,Y
458,SKT,2012,16-Feb-12,610,Delta Smelt,Y
459,SKT,2012,16-Feb-12,610,Delta Smelt,Y
460,SKT,2012,15-Feb-12,704,Delta Smelt,Y
461,SKT,2012,15-Feb-12,704,Delta Smelt,N
462,SKT,2012,15-Feb-12,704,Delta Smelt,Y
463,SKT,2012,15-Feb-12,706,Delta Smelt,Y
464,SKT,2012,15-Feb-12,706,Delta Smelt,Y
465,SKT,2012,15-Feb-12,706,Delta Smelt,Y
466,SKT,2012,15-Feb-12,706,Delta Smelt,Y
467,SKT,2012,15-Feb-12,706,Delta Smelt,Y
468,SKT,2012,15-Feb-12,706,Delta Smelt,Y
469,SKT,2012,15-Feb-12,706,Delta Smelt,Y
470,SKT,2012,15-Feb-12,706,Delta Smelt,Y
471,SKT,2012,15-Feb-12,706,Delta Smelt,Y
472,SKT,2012,15-Feb-12,706,Delta Smelt,Y
473,SKT,2012,15-Feb-12,716,Delta Smelt,Y
474,SKT,2012,15-Feb-12,716,Delta Smelt,Y
475,SKT,2012,15-Feb-12,716,Delta Smelt,Y
476,SKT,2012,15-Feb-12,719,Delta Smelt,Y
477,SKT,2012,15-Feb-12,719,Delta Smelt,Y
478,SKT,2012,15-Feb-12,719,Delta Smelt,Y
479,SKT,2012,15-Feb-12,719,Delta Smelt,Y
480,SKT,2012,15-Feb-12,719,Delta Smelt,Y
481,SKT,2012,15-Feb-12,719,Delta Smelt,Y
482,SKT,2012,15-Feb-12,719,Delta Smelt,Y
483,SKT,2012,15-Feb-12,719,Delta Smelt,Y
484,SKT,2012,15-Feb-12,719,Delta Smelt,Y
485,SKT,2012,15-Feb-12,719,Delta Smelt,Y
486,SKT,2012,14-Feb-12,801,Delta Smelt,Y
487,SKT,2012,6-Mar-12,513,Delta Smelt,Y
488,SKT,2012,6-Mar-12,513,Delta Smelt,Y
489,SKT,2012,6-Mar-12,513,Delta Smelt,Y
490,SKT,2012,6-Mar-12,513,Delta Smelt,Y
491,SKT,2012,6-Mar-12,513,Delta Smelt,Y
492,SKT,2012,6-Mar-12,513,Delta Smelt,Y
493,SKT,2012,6-Mar-12,513,Delta Smelt,Y
494,SKT,2012,6-Mar-12,520,Delta Smelt,Y
495,SKT,2012,6-Mar-12,520,Delta Smelt,Y
496,SKT,2012,6-Mar-12,520,Delta Smelt,Y
497,SKT,2012,8-Mar-12,707,Delta Smelt,Y
498,SKT,2012,8-Mar-12,707,Delta Smelt,Y
499,SKT,2012,8-Mar-12,707,Delta Smelt,Y
500,SKT,2012,8-Mar-12,707,Delta Smelt,Y
501,SKT,2012,8-Mar-12,707,Delta Smelt,Y
502,SKT,2012,8-Mar-12,707,Delta Smelt,Y
503,SKT,2012,8-Mar-12,707,Delta Smelt,Y
504,SKT,2012,8-Mar-12,707,Delta Smelt,Y
505,SKT,2012,8-Mar-12,707,Delta Smelt,Y
506,SKT,2012,8-Mar-12,707,Delta Smelt,Y
507,SKT,2012,8-Mar-12,713,Delta Smelt,Y
508,SKT,2012,8-Mar-12,713,Delta Smelt,Y
509,SKT,2012,8-Mar-12,713,Delta Smelt,Y
510,SKT,2012,8-Mar-12,713,Delta Smelt,Y
511,SKT,2012,8-Mar-12,713,Delta Smelt,Y
512,SKT,2012,8-Mar-12,713,Delta Smelt,Y
513,SKT,2012,8-Mar-12,713,Delta Smelt,Y
514,SKT,2012,8-Mar-12,713,Delta Smelt,Y
515,SKT,2012,8-Mar-12,713,Delta Smelt,Y
516,SKT,2012,8-Mar-12,713,Delta Smelt,Y
517,SKT,2012,8-Mar-12,715,Delta Smelt,Y
518,SKT,2012,8-Mar-12,713,Delta Smelt,Y
519,SKT,2012,8-Mar-12,713,Delta Smelt,Y
520,SKT,2012,8-Mar-12,715,Delta Smelt,Y
521,SKT,2012,8-Mar-12,713,Delta Smelt,Y
522,SKT,2012,8-Mar-12,715,Delta Smelt,Y
523,SKT,2012,8-Mar-12,715,Delta Smelt,Y
524,SKT,2012,8-Mar-12,715,Delta Smelt,Y
525,SKT,2012,8-Mar-12,715,Delta Smelt,Y
526,SKT,2012,8-Mar-12,715,Delta Smelt,Y
527,SKT,2012,8-Mar-12,715,Delta Smelt,Y
528,SKT,2012,8-Mar-12,715,Delta Smelt,Y
529,SKT,2012,8-Mar-12,715,Delta Smelt,Y
530,SKT,2012,8-Mar-12,716,Delta Smelt,Y
531,SKT,2012,8-Mar-12,716,Delta Smelt,Y
532,SKT,2012,8-Mar-12,716,Delta Smelt,Y
533,SKT,2012,8-Mar-12,716,Delta Smelt,Y
534,SKT,2012,8-Mar-12,716,Delta Smelt,Y
535,SKT,2012,8-Mar-12,716,Delta Smelt,Y
536,SKT,2012,8-Mar-12,716,Delta Smelt,Y
537,SKT,2012,8-Mar-12,716,Delta Smelt,Y
538,SKT,2012,8-Mar-12,716,Delta Smelt,Y
539,SKT,2012,8-Mar-12,716,Delta Smelt,Y
540,SKT,2012,8-Mar-12,719,Delta Smelt,Y
541,SKT,2012,8-Mar-12,707,Delta Smelt,Y
542,SKT,2012,8-Mar-12,719,Delta Smelt,Y
543,SKT,2012,8-Mar-12,719,Delta Smelt,Y
544,SKT,2012,8-Mar-12,719,Delta Smelt,Y
545,SKT,2012,8-Mar-12,719,Delta Smelt,Y
546,SKT,2012,8-Mar-12,719,Delta Smelt,Y
547,SKT,2012,8-Mar-12,719,Delta Smelt,Y
548,SKT,2012,8-Mar-12,719,Delta Smelt,Y
549,SKT,2012,8-Mar-12,719,Delta Smelt,Y
550,SKT,2012,8-Mar-12,719,Delta Smelt,Y
551,SKT,2012,8-Mar-12,719,Delta Smelt,Y
552,SKT,2012,8-Mar-12,719,Delta Smelt,Y
553,SKT,2012,8-Mar-12,719,Delta Smelt,Y
554,SKT,2012,8-Mar-12,719,Delta Smelt,Y
555,SKT,2012,6-Mar-12,801,Delta Smelt,Y
556,SKT,2012,6-Mar-12,801,Delta Smelt,Y
557,FMWT,2011,12-Dec-11,706,Delta Smelt,Y
558,SKT,2012,6-Mar-12,801,Delta Smelt,Y
559,SKT,2012,6-Mar-12,804,Delta Smelt,Y
560,SKT,2012,6-Mar-12,804,Delta Smelt,Y
561,SKT,2012,6-Mar-12,804,Delta Smelt,Y
562,FMWT,2011,12-Dec-11,706,Delta Smelt,Y
563,SKT,2012,6-Mar-12,804,Delta Smelt,Y
564,FMWT,2011,12-Dec-11,706,Delta Smelt,Y
565,FMWT,2011,12-Dec-11,706,Delta Smelt,Y
566,FMWT,2011,12-Dec-11,706,Delta Smelt,Y
567,FMWT,2011,12-Dec-11,706,Delta Smelt,Y
568,FMWT,2011,12-Dec-11,706,Delta Smelt,Y
569,FMWT,2011,12-Dec-11,706,Delta Smelt,Y
570,FMWT,2011,12-Dec-11,706,Delta Smelt,Y
571,FMWT,2011,12-Dec-11,706,Delta Smelt,Y
572,FMWT,2011,12-Dec-11,706,Delta Smelt,Y
573,FMWT,2011,12-Dec-11,706,Delta Smelt,Y
574,FMWT,2011,12-Dec-11,706,Delta Smelt,Y
575,FMWT,2011,12-Dec-11,706,Delta Smelt,Y
576,FMWT,2011,12-Dec-11,706,Delta Smelt,Y
577,FMWT,2011,12-Dec-11,706,Delta Smelt,Y
578,FMWT,2011,12-Dec-11,706,Delta Smelt,Y
579,SKT,2012,18-Jan-12,519,Delta Smelt,Y
580,SKT,2012,18-Jan-12,519,Delta Smelt,Y
581,SKT,2012,18-Jan-12,519,Delta Smelt,Y
582,SKT,2012,18-Jan-12,519,Delta Smelt,Y
583,SKT,2012,18-Jan-12,519,Delta Smelt,Y
584,SKT,2012,20-Jan-12,606,Delta Smelt,Y
585,SKT,2012,20-Jan-12,606,Delta Smelt,Y
586,SKT,2012,20-Jan-12,609,Delta Smelt,Y
587,SKT,2012,20-Jan-12,609,Delta Smelt,Y
588,SKT,2012,19-Jan-12,706,Delta Smelt,Y
589,SKT,2012,19-Jan-12,719,Delta Smelt,Y
590,SKT,2012,19-Jan-12,719,Delta Smelt,Y
591,SKT,2012,19-Jan-12,719,Delta Smelt,Y
592,SKT,2012,19-Jan-12,719,Delta Smelt,Y
593,SKT,2012,19-Jan-12,719,Delta Smelt,Y
594,SKT,2012,20-Jan-12,609,Delta Smelt,Y
595,SKT,2012,14-Feb-12,519,Delta Smelt,Y
596,SKT,2012,14-Feb-12,519,Delta Smelt,Y
597,SKT,2012,14-Feb-12,519,Delta Smelt,Y
598,SKT,2012,16-Feb-12,609,Delta Smelt,Y
599,SKT,2012,16-Feb-12,609,Delta Smelt,Y
600,SKT,2012,15-Feb-12,719,Delta Smelt,Y
601,SKT,2012,15-Feb-12,719,Delta Smelt,Y
602,SKT,2012,15-Feb-12,719,Delta Smelt,Y
603,SKT,2012,5-Apr-12,405,Delta Smelt,Y
604,SKT,2012,5-Apr-12,411,Delta Smelt,Y
605,SKT,2012,5-Apr-12,411,Delta Smelt,Y
606,SKT,2012,5-Apr-12,411,Delta Smelt,Y
607,SKT,2012,5-Apr-12,411,Delta Smelt,N
608,SKT,2012,5-Apr-12,411,Delta Smelt,N
609,SKT,2012,5-Apr-12,418,Delta Smelt,Y
610,SKT,2012,5-Apr-12,504,Delta Smelt,Y
611,SKT,2012,3-Apr-12,508,Delta Smelt,Y
612,SKT,2012,3-Apr-12,513,Delta Smelt,Y
613,SKT,2012,3-Apr-12,513,Delta Smelt,Y
614,SKT,2012,3-Apr-12,513,Delta Smelt,Y
615,SKT,2012,3-Apr-12,513,Delta Smelt,Y
616,SKT,2012,3-Apr-12,513,Delta Smelt,Y
617,SKT,2012,3-Apr-12,519,Delta Smelt,Y
618,SKT,2012,3-Apr-12,519,Delta Smelt,Y
619,SKT,2012,3-Apr-12,519,Delta Smelt,Y
620,SKT,2012,3-Apr-12,520,Delta Smelt,Y
621,SKT,2012,3-Apr-12,520,Delta Smelt,Y
622,SKT,2012,5-Apr-12,602,Delta Smelt,Y
623,SKT,2012,5-Apr-12,602,Delta Smelt,Y
624,SKT,2012,5-Apr-12,602,Delta Smelt,Y
625,SKT,2012,5-Apr-12,602,Delta Smelt,Y
626,SKT,2012,5-Apr-12,606,Delta Smelt,Y
627,SKT,2012,5-Apr-12,606,Delta Smelt,Y
628,SKT,2012,5-Apr-12,606,Delta Smelt,Y
629,SKT,2012,5-Apr-12,606,Delta Smelt,Y
630,SKT,2012,5-Apr-12,606,Delta Smelt,Y
631,SKT,2012,5-Apr-12,609,Delta Smelt,Y
632,SKT,2012,5-Apr-12,609,Delta Smelt,Y
633,SKT,2012,5-Apr-12,609,Delta Smelt,Y
634,SKT,2012,5-Apr-12,609,Delta Smelt,Y
635,SKT,2012,5-Apr-12,609,Delta Smelt,Y
636,SKT,2012,5-Apr-12,610,Delta Smelt,Y
637,SKT,2012,5-Apr-12,610,Delta Smelt,Y
638,SKT,2012,4-Apr-12,704,Delta Smelt,Y
639,SKT,2012,4-Apr-12,706,Delta Smelt,N
640,SKT,2012,4-Apr-12,706,Delta Smelt,Y
641,SKT,2012,4-Apr-12,706,Delta Smelt,Y
642,SKT,2012,4-Apr-12,706,Delta Smelt,Y
643,SKT,2012,4-Apr-12,707,Delta Smelt,Y
644,SKT,2012,4-Apr-12,711,Delta Smelt,Y
645,SKT,2012,4-Apr-12,711,Delta Smelt,Y
646,SKT,2012,4-Apr-12,713,Delta Smelt,Y
647,SKT,2012,4-Apr-12,715,Delta Smelt,Y
648,SKT,2012,4-Apr-12,715,Delta Smelt,Y
649,SKT,2012,4-Apr-12,715,Delta Smelt,Y
650,SKT,2012,4-Apr-12,715,Delta Smelt,N
651,SKT,2012,4-Apr-12,715,Delta Smelt,Y
652,SKT,2012,4-Apr-12,716,Delta Smelt,Y
653,SKT,2012,4-Apr-12,716,Delta Smelt,Y
654,SKT,2012,4-Apr-12,716,Delta Smelt,Y
655,SKT,2012,4-Apr-12,716,Delta Smelt,Y
656,SKT,2012,4-Apr-12,716,Delta Smelt,Y
657,SKT,2012,4-Apr-12,719,Delta Smelt,Y
658,SKT,2012,4-Apr-12,719,Delta Smelt,Y
659,SKT,2012,4-Apr-12,719,Delta Smelt,Y
660,SKT,2012,3-Apr-12,513,Delta Smelt,Y
661,SKT,2012,3-Apr-12,513,Delta Smelt,Y
662,SKT,2012,3-Apr-12,513,Delta Smelt,Y
663,SKT,2012,5-Apr-12,602,Delta Smelt,Y
664,SKT,2012,5-Apr-12,602,Delta Smelt,Y
665,SKT,2012,5-Apr-12,602,Delta Smelt,Y
666,SKT,2012,5-Apr-12,602,Delta Smelt,Y
667,SKT,2012,5-Apr-12,602,Delta Smelt,Y
668,SKT,2012,5-Apr-12,602,Delta Smelt,Y
669,SKT,2012,5-Apr-12,606,Delta Smelt,Y
670,SKT,2012,5-Apr-12,606,Delta Smelt,Y
671,SKT,2012,5-Apr-12,606,Delta Smelt,Y
672,SKT,2012,5-Apr-12,606,Delta Smelt,Y
673,SKT,2012,5-Apr-12,609,Delta Smelt,Y
674,SKT,2012,5-Apr-12,609,Delta Smelt,Y
675,SKT,2012,5-Apr-12,609,Delta Smelt,Y
676,SKT,2012,5-Apr-12,609,Delta Smelt,Y
677,SKT,2012,5-Apr-12,609,Delta Smelt,Y
678,SKT,2012,5-Apr-12,609,Delta Smelt,Y
679,SKT,2012,5-Apr-12,609,Delta Smelt,Y
680,SKT,2012,4-Apr-12,715,Delta Smelt,Y
681,SKT,2012,4-Apr-12,715,Delta Smelt,Y
682,SKT,2012,4-Apr-12,715,Delta Smelt,Y
683,SKT,2012,4-Apr-12,715,Delta Smelt,Y
684,SKT,2012,4-Apr-12,716,Delta Smelt,Y
685,SKT,2012,4-Apr-12,716,Delta Smelt,Y
686,SKT,2012,4-Apr-12,719,Delta Smelt,Y
687,SKT,2012,4-Apr-12,719,Delta Smelt,Y
688,SKT,2012,4-Apr-12,719,Delta Smelt,Y
689,SKT,2012,4-Apr-12,719,Delta Smelt,Y
690,SKT,2012,4-Apr-12,719,Delta Smelt,Y
691,SKT,2012,4-Apr-12,719,Delta Smelt,Y
692,SKT,2012,4-Apr-12,719,Delta Smelt,Y
693,SKT,2012,4-Apr-12,719,Delta Smelt,Y
694,SKT,2012,18-Jan-12,519,Delta Smelt,Y
696,SKT,2012,18-Jan-12,519,Delta Smelt,Y
697,SKT,2012,18-Jan-12,519,Delta Smelt,Y
698,SKT,2012,18-Jan-12,519,Delta Smelt,Y
699,SKT,2012,19-Jan-12,719,Delta Smelt,Y
700,SKT,2012,19-Jan-12,719,Delta Smelt,Y
701,SKT,2012,19-Jan-12,719,Delta Smelt,Y
702,SKT,2012,19-Jan-12,719,Delta Smelt,Y
703,SKT,2012,19-Jan-12,719,Delta Smelt,Y
704,SKT,2012,19-Jan-12,719,Delta Smelt,Y
705,SKT,2012,20-Jan-12,609,Delta Smelt,Y
706,SKT,2012,20-Jan-12,609,Delta Smelt,Y
707,SKT,2012,20-Jan-12,609,Delta Smelt,Y
708,SKT,2012,20-Jan-12,609,Delta Smelt,Y
709,SKT,2012,20-Jan-12,609,Delta Smelt,Y
710,SKT,2012,20-Jan-12,609,Delta Smelt,Y
711,SKT,2012,14-Feb-12,519,Delta Smelt,Y
712,SKT,2012,14-Feb-12,519,Delta Smelt,Y
713,SKT,2012,16-Feb-12,609,Delta Smelt,Y
714,SKT,2012,16-Feb-12,609,Delta Smelt,Y
715,SKT,2012,4-Apr-12,704,Delta Smelt,N
716,SKT,2012,2-May-12,716,Delta Smelt,Y
717,SKT,2012,2-May-12,716,Delta Smelt,Y
718,SKT,2012,2-May-12,719,Delta Smelt,Y
719,SKT,2012,2-May-12,719,Delta Smelt,Y
720,SKT,2012,2-May-12,716,Delta Smelt,Y
721,SKT,2012,2-May-12,719,Delta Smelt,Y
722,SKT,2012,2-May-12,719,Delta Smelt,Y
997,FMWT,2012,10-Sep-12,416,Delta Smelt,Y
998,FMWT,2012,11-Oct-12,511,Delta Smelt,Y
999,FMWT,2012,11-Oct-12,512,Delta Smelt,Y
1000,FMWT,2012,11-Oct-12,512,Delta Smelt,Y
1001,FMWT,2012,11-Oct-12,512,Delta Smelt,Y
1002,FMWT,2012,11-Oct-12,512,Delta Smelt,Y
1003,FMWT,2012,11-Oct-12,513,Delta Smelt,Y
1004,FMWT,2012,11-Oct-12,513,Delta Smelt,Y
1005,FMWT,2012,11-Oct-12,513,Delta Smelt,Y
1006,FMWT,2012,15-Oct-12,703,Delta Smelt,Y
1007,FMWT,2012,15-Oct-12,703,Delta Smelt,Y
1008,FMWT,2012,15-Oct-12,703,Delta Smelt,Y
1009,FMWT,2012,15-Oct-12,703,Delta Smelt,Y
1010,FMWT,2012,15-Oct-12,703,Delta Smelt,Y
1011,FMWT,2012,15-Oct-12,703,Delta Smelt,Y
1012,FMWT,2012,15-Oct-12,703,Delta Smelt,Y
1013,FMWT,2012,15-Oct-12,703,Delta Smelt,Y
1014,FMWT,2012,15-Oct-12,704,Delta Smelt,Y
1015,FMWT,2012,15-Oct-12,704,Delta Smelt,Y
1016,FMWT,2012,15-Oct-12,704,Delta Smelt,Y
1017,FMWT,2012,15-Oct-12,705,Delta Smelt,Y
1018,FMWT,2012,18-Oct-12,719,Delta Smelt,Y
1019,FMWT,2012,18-Oct-12,797,Delta Smelt,Y
1020,FMWT,2012,14-Nov-12,703,Delta Smelt,Y
1021,FMWT,2012,14-Nov-12,703,Delta Smelt,Y
1022,FMWT,2012,14-Nov-12,703,Delta Smelt,Y
1023,FMWT,2012,14-Nov-12,704,Delta Smelt,Y
1024,FMWT,2012,14-Nov-12,704,Delta Smelt,Y
1025,FMWT,2012,14-Nov-12,704,Delta Smelt,Y
1026,FMWT,2012,14-Nov-12,704,Delta Smelt,Y
1027,FMWT,2012,14-Nov-12,704,Delta Smelt,Y
1028,FMWT,2012,14-Nov-12,705,Delta Smelt,Y
1029,FMWT,2012,15-Nov-12,719,Delta Smelt,Y
1030,FMWT,2012,15-Nov-12,797,Delta Smelt,Y
1031,FMWT,2012,5-Dec-12,505,Delta Smelt,Y
1032,FMWT,2012,7-Dec-12,515,Delta Smelt,Y
1033,FMWT,2012,7-Dec-12,517,Delta Smelt,Y
1034,FMWT,2012,7-Dec-12,517,Delta Smelt,Y
1035,FMWT,2012,7-Dec-12,519,Delta Smelt,Y
1036,FMWT,2012,7-Dec-12,519,Delta Smelt,Y
1037,FMWT,2012,6-Dec-12,602,Delta Smelt,Y
1038,FMWT,2012,12-Dec-12,716,Delta Smelt,Y
1039,FMWT,2012,11-Dec-12,719,Delta Smelt,Y
1040,FMWT,2012,11-Dec-12,796,Delta Smelt,Y
1041,FMWT,2012,11-Dec-12,797,Delta Smelt,Y
1042,SKT,2013,8-Jan-13,513,Delta Smelt,Y
1043,SKT,2013,9-Jan-13,707,Delta Smelt,Y
1044,SKT,2013,9-Jan-13,707,Delta Smelt,Y
1045,SKT,2013,9-Jan-13,719,Delta Smelt,Y
1046,SKT,2013,9-Jan-13,719,Delta Smelt,Y
1047,SKT,2013,9-Jan-13,719,Delta Smelt,Y
1048,SKT,2013,9-Jan-13,719,Delta Smelt,Y
1049,SKT,2013,9-Jan-13,719,Delta Smelt,Y
1050,SKT,2013,9-Jan-13,719,Delta Smelt,Y
1051,SKT,2013,9-Jan-13,719,Delta Smelt,Y
1052,SKT,2013,9-Jan-13,719,Delta Smelt,Y
1053,SKT,2013,9-Jan-13,719,Delta Smelt,Y
1054,SKT,2013,9-Jan-13,719,Delta Smelt,Y
1055,SKT,2013,9-Jan-13,719,Delta Smelt,Y
1056,SKT,2013,9-Jan-13,719,Delta Smelt,Y
1057,SKT,2013,9-Jan-13,719,Delta Smelt,Y
1058,SKT,2013,9-Jan-13,719,Delta Smelt,Y
1059,SKT,2013,9-Jan-13,719,Delta Smelt,Y
1060,SKT,2013,9-Jan-13,719,Delta Smelt,Y
1061,SKT,2013,9-Jan-13,719,Delta Smelt,Y
1062,SKT,2013,9-Jan-13,719,Delta Smelt,Y
1063,SKT,2013,9-Jan-13,719,Delta Smelt,Y
1064,SKT,2013,9-Jan-13,719,Delta Smelt,Y
1065,SKT,2013,9-Jan-13,719,Delta Smelt,Y
1066,SKT,2013,9-Jan-13,719,Delta Smelt,Y
1067,SKT,2013,9-Jan-13,719,Delta Smelt,Y
1068,SKT,2013,9-Jan-13,719,Delta Smelt,Y
1069,SKT,2013,9-Jan-13,719,Delta Smelt,Y
1070,SKT,2013,9-Jan-13,719,Delta Smelt,Y
1071,SKT,2013,9-Jan-13,719,Delta Smelt,Y
1072,SKT,2013,9-Jan-13,719,Delta Smelt,Y
1073,SKT,2013,9-Jan-13,719,Delta Smelt,Y
1074,SKT,2013,9-Jan-13,719,Delta Smelt,Y
1075,SKT,2013,9-Jan-13,719,Delta Smelt,Y
1076,SKT,2013,9-Jan-13,716,Delta Smelt,Y
1077,SKT,2013,9-Jan-13,715,Delta Smelt,Y
1078,SKT,2013,9-Jan-13,715,Delta Smelt,Y
1079,SKT,2013,9-Jan-13,715,Delta Smelt,Y
1080,SKT,2013,9-Jan-13,715,Delta Smelt,Y
1081,SKT,2013,10-Jan-13,609,Delta Smelt,Y
1082,SKT,2013,10-Jan-13,606,Delta Smelt,Y
1083,SKT,2013,10-Jan-13,606,Delta Smelt,Y
1084,SKT,2013,10-Jan-13,606,Delta Smelt,Y
1085,SKT,2013,10-Jan-13,606,Delta Smelt,Y
1086,SKT,2013,10-Jan-13,606,Delta Smelt,Y
1087,SKT,2013,10-Jan-13,606,Delta Smelt,Y
1088,SKT,2013,10-Jan-13,606,Delta Smelt,Y
1089,SKT,2013,10-Jan-13,606,Delta Smelt,Y
1090,SKT,2013,10-Jan-13,606,Delta Smelt,Y
1091,SKT,2013,10-Jan-13,606,Delta Smelt,Y
1092,SKT,2013,10-Jan-13,606,Delta Smelt,Y
1093,SKT,2013,10-Jan-13,606,Delta Smelt,Y
1094,SKT,2013,10-Jan-13,606,Delta Smelt,Y
1095,SKT,2013,10-Jan-13,606,Delta Smelt,Y
1096,SKT,2013,10-Jan-13,606,Delta Smelt,Y
1097,SKT,2013,10-Jan-13,606,Delta Smelt,Y
1098,SKT,2013,10-Jan-13,606,Delta Smelt,Y
1099,SKT,2013,10-Jan-13,602,Delta Smelt,Y
1100,SKT,2013,10-Jan-13,519,Delta Smelt,Y
1101,SKT,2013,7-Feb-13,508,Delta Smelt,Y
1102,SKT,2013,10-Jan-13,602,Delta Smelt,Y
1103,SKT,2013,9-Jan-13,707,Delta Smelt,Y
1104,SKT,2013,10-Jan-13,519,Delta Smelt,Y
1105,SKT,2013,7-Feb-13,606,Delta Smelt,Y
1106,SKT,2013,7-Feb-13,606,Delta Smelt,Y
1107,SKT,2013,7-Feb-13,606,Delta Smelt,Y
1108,SKT,2013,7-Feb-13,606,Delta Smelt,Y
1109,SKT,2013,7-Feb-13,606,Delta Smelt,Y
1110,SKT,2013,7-Feb-13,610,Delta Smelt,Y
1111,SKT,2013,7-Feb-13,610,Delta Smelt,Y
1112,SKT,2013,7-Feb-13,610,Delta Smelt,Y
1113,SKT,2013,5-Mar-13,508,Delta Smelt,Y
1114,SKT,2013,6-Mar-13,704,Delta Smelt,Y
1115,SKT,2013,6-Mar-13,704,Delta Smelt,Y
1116,SKT,2013,6-Mar-13,704,Delta Smelt,Y
1117,SKT,2013,6-Mar-13,704,Delta Smelt,Y
1118,SKT,2013,6-Mar-13,704,Delta Smelt,Y
1119,SKT,2013,6-Mar-13,704,Delta Smelt,Y
1120,SKT,2013,6-Mar-13,704,Delta Smelt,Y
1121,SKT,2013,6-Mar-13,704,Delta Smelt,Y
1122,SKT,2013,6-Mar-13,706,Delta Smelt,Y
1123,SKT,2013,6-Mar-13,706,Delta Smelt,Y
1124,SKT,2013,6-Mar-13,706,Delta Smelt,Y
1125,SKT,2013,6-Mar-13,706,Delta Smelt,Y
1126,SKT,2013,6-Mar-13,706,Delta Smelt,Y
1127,SKT,2013,6-Mar-13,706,Delta Smelt,Y
1128,SKT,2013,6-Mar-13,706,Delta Smelt,Y
1129,SKT,2013,7-Mar-13,519,Delta Smelt,Y
1130,SKT,2013,7-Mar-13,519,Delta Smelt,Y
1131,SKT,2013,7-Mar-13,519,Delta Smelt,Y
1132,SKT,2013,7-Mar-13,519,Delta Smelt,Y
1133,SKT,2013,7-Mar-13,606,Delta Smelt,Y
1134,SKT,2013,7-Mar-13,606,Delta Smelt,Y
1135,SKT,2013,7-Mar-13,606,Delta Smelt,Y
1136,SKT,2013,7-Mar-13,606,Delta Smelt,Y
1137,SKT,2013,7-Mar-13,606,Delta Smelt,Y
1138,SKT,2013,7-Mar-13,606,Delta Smelt,Y
1139,SKT,2013,7-Mar-13,609,Delta Smelt,Y
1140,SKT,2013,7-Mar-13,609,Delta Smelt,Y
1141,SKT,2013,7-Mar-13,609,Delta Smelt,Y
1142,SKT,2013,7-Mar-13,609,Delta Smelt,Y
1143,SKT,2013,7-Mar-13,610,Delta Smelt,Y
1144,SKT,2013,7-Mar-13,610,Delta Smelt,Y
1145,SKT,2013,4-Apr-13,704,Delta Smelt,Y
1146,SKT,2013,4-Apr-13,704,Delta Smelt,Y
1147,SKT,2013,4-Apr-13,704,Delta Smelt,N
1148,SKT,2013,4-Apr-13,704,Delta Smelt,Y
1149,SKT,2013,4-Apr-13,704,Delta Smelt,Y
1150,SKT,2013,4-Apr-13,704,Delta Smelt,Y
1151,SKT,2013,4-Apr-13,704,Delta Smelt,Y
1152,SKT,2013,4-Apr-13,704,Delta Smelt,Y
1153,SKT,2013,4-Apr-13,704,Delta Smelt,Y
1154,SKT,2013,4-Apr-13,704,Delta Smelt,Y
1155,SKT,2013,4-Apr-13,719,Delta Smelt,Y
1156,SKT,2013,4-Apr-13,716,Delta Smelt,Y
1157,SKT,2013,4-Apr-13,716,Delta Smelt,Y
1158,SKT,2013,5-Apr-13,609,Delta Smelt,Y
1159,SKT,2013,5-Apr-13,609,Delta Smelt,Y
1160,SKT,2013,7-Feb-13,609,Delta Smelt,Y
1161,SKT,2013,7-Feb-13,609,Delta Smelt,Y
1162,SKT,2013,7-Feb-13,609,Delta Smelt,Y
1163,SKT,2013,1-May-13,716,Delta Smelt,Y
1164,SKT,2013,7-Feb-13,609,Delta Smelt,Y
1165,SKT,2013,7-Feb-13,609,Delta Smelt,Y
1166,SKT,2013,7-Feb-13,609,Delta Smelt,Y
1167,SKT,2013,7-Feb-13,609,Delta Smelt,Y
1168,SKT,2013,7-Feb-13,609,Delta Smelt,Y
1169,SKT,2013,7-Feb-13,609,Delta Smelt,Y
1170,SKT,2013,7-Feb-13,609,Delta Smelt,Y
1171,SKT,2013,6-Feb-13,719,Delta Smelt,Y
1172,SKT,2013,6-Feb-13,719,Delta Smelt,Y
1173,SKT,2013,6-Feb-13,719,Delta Smelt,Y
1174,SKT,2013,6-Feb-13,713,Delta Smelt,Y
1175,SKT,2013,6-Feb-13,719,Delta Smelt,Y
1176,SKT,2013,6-Feb-13,719,Delta Smelt,Y
1177,SKT,2013,6-Feb-13,719,Delta Smelt,Y
1178,SKT,2013,6-Feb-13,719,Delta Smelt,Y
1179,SKT,2013,6-Feb-13,719,Delta Smelt,Y
1180,SKT,2013,6-Feb-13,719,Delta Smelt,Y
1181,SKT,2013,6-Mar-13,719,Delta Smelt,Y
1182,SKT,2013,6-Mar-13,719,Delta Smelt,Y
1183,SKT,2013,6-Mar-13,719,Delta Smelt,Y
1184,SKT,2013,6-Mar-13,719,Delta Smelt,Y
1185,SKT,2013,6-Mar-13,719,Delta Smelt,Y
1186,SKT,2013,6-Mar-13,719,Delta Smelt,Y
1187,SKT,2013,6-Mar-13,719,Delta Smelt,Y
1188,SKT,2013,6-Mar-13,719,Delta Smelt,Y
1189,SKT,2013,6-Mar-13,719,Delta Smelt,Y
1190,SKT,2013,6-Mar-13,719,Delta Smelt,Y
1191,SKT,2013,2-May-13,609,Delta Smelt,Y
1192,SKT,2013,2-May-13,609,Delta Smelt,Y
1193,SKT,2013,2-May-13,609,Delta Smelt,Y
1194,SKT,2013,2-May-13,609,Delta Smelt,Y
1195,SKT,2013,1-May-13,706,Delta Smelt,Y
1196,SKT,2013,1-May-13,707,Delta Smelt,Y
1197,SKT,2013,1-May-13,716,Delta Smelt,Y
1198,SKT,2013,1-May-13,716,Delta Smelt,Y
1199,STN,2013,26-Jun-13,508,Delta Smelt,N
1200,STN,2013,26-Jun-13,508,Delta Smelt,N
1201,STN,2013,12-Jun-13,519,Delta Smelt,Y
1202,STN,2013,27-Jun-13,606,Delta Smelt,Y
1203,STN,2013,27-Jun-13,606,Delta Smelt,Y
1204,STN,2013,27-Jun-13,606,Delta Smelt,Y
1205,STN,2013,27-Jun-13,606,Delta Smelt,Y
1206,STN,2013,27-Jun-13,606,Delta Smelt,Y
1207,STN,2013,27-Jun-13,606,Delta Smelt,Y
1208,STN,2013,27-Jun-13,606,Delta Smelt,N
1209,STN,2013,12-Jun-13,609,Delta Smelt,Y
1210,STN,2013,12-Jun-13,609,Delta Smelt,Y
1211,STN,2013,12-Jun-13,609,Delta Smelt,Y
1212,STN,2013,12-Jun-13,609,Delta Smelt,Y
1213,STN,2013,12-Jun-13,609,Delta Smelt,Y
1214,STN,2013,12-Jun-13,609,Delta Smelt,Y
1215,STN,2013,12-Jun-13,609,Delta Smelt,Y
1216,STN,2013,12-Jun-13,609,Delta Smelt,Y
1217,STN,2013,27-Jun-13,609,Delta Smelt,Y
1218,STN,2013,27-Jun-13,609,Delta Smelt,Y
1219,STN,2013,12-Jun-13,610,Delta Smelt,Y
1220,STN,2013,27-Jun-13,610,Delta Smelt,N
1221,STN,2013,27-Jun-13,610,Delta Smelt,Y
1222,STN,2013,10-Jun-13,704,Delta Smelt,Y
1223,STN,2013,10-Jun-13,704,Delta Smelt,Y
1224,STN,2013,10-Jun-13,704,Delta Smelt,Y
1225,STN,2013,10-Jun-13,704,Delta Smelt,N
1226,STN,2013,11-Jun-13,719,Delta Smelt,Y
1227,STN,2013,11-Jun-13,719,Delta Smelt,Y
1228,STN,2013,11-Jun-13,719,Delta Smelt,Y
1229,STN,2013,11-Jun-13,719,Delta Smelt,Y
1230,STN,2013,11-Jun-13,719,Delta Smelt,N
1231,STN,2013,11-Jun-13,719,Delta Smelt,N
1232,STN,2013,11-Jun-13,719,Delta Smelt,Y
1233,STN,2013,24-Jun-13,719,Delta Smelt,Y
1234,STN,2013,24-Jun-13,719,Delta Smelt,Y
1235,STN,2013,11-Jun-13,721,Delta Smelt,Y
1236,STN,2012,13-Jun-12,508,Delta Smelt,Y
1237,STN,2012,13-Jun-12,513,Delta Smelt,Y
1238,STN,2012,27-Jun-12,513,Delta Smelt,N
1239,SKT,2012,1-May-12,513,Delta Smelt,Y
1240,SKT,2012,1-May-12,513,Delta Smelt,Y
1241,SKT,2012,1-May-12,513,Delta Smelt,Y
1242,SKT,2012,1-May-12,519,Delta Smelt,Y
1243,SKT,2012,1-May-12,519,Delta Smelt,Y
1244,SKT,2012,1-May-12,519,Delta Smelt,Y
1245,SKT,2012,1-May-12,519,Delta Smelt,Y
1246,SKT,2012,1-May-12,519,Delta Smelt,Y
1247,SKT,2012,1-May-12,520,Delta Smelt,Y
1248,SKT,2012,1-May-12,520,Delta Smelt,Y
1249,SKT,2012,2-May-12,704,Delta Smelt,Y
1250,SKT,2012,2-May-12,704,Delta Smelt,Y
1251,SKT,2012,2-May-12,707,Delta Smelt,Y
1252,SKT,2012,2-May-12,707,Delta Smelt,Y
1253,SKT,2012,2-May-12,713,Delta Smelt,Y
1254,SKT,2012,2-May-12,715,Delta Smelt,Y
1255,SKT,2012,2-May-12,715,Delta Smelt,Y
1256,SKT,2012,2-May-12,715,Delta Smelt,Y
1257,SKT,2012,3-May-12,504,Delta Smelt,Y
1258,SKT,2012,3-May-12,504,Delta Smelt,Y
1259,SKT,2012,3-May-12,501,Delta Smelt,N
1260,SKT,2012,3-May-12,411,Delta Smelt,N
1261,SKT,2012,3-May-12,609,Delta Smelt,N
1262,STN,2012,27-Jun-12,513,Delta Smelt,Y
1263,STN,2012,27-Jun-12,513,Delta Smelt,Y
1264,STN,2012,27-Jun-12,513,Delta Smelt,Y
1265,STN,2012,27-Jun-12,513,Delta Smelt,Y
1266,STN,2012,27-Jun-12,513,Delta Smelt,Y
1267,STN,2012,27-Jun-12,513,Delta Smelt,Y
1268,STN,2012,27-Jun-12,513,Delta Smelt,N
1269,STN,2012,27-Jun-12,513,Delta Smelt,Y
1270,STN,2012,14-Jun-12,609,Delta Smelt,Y
1271,STN,2012,14-Jun-12,609,Delta Smelt,Y
1272,STN,2012,14-Jun-12,609,Delta Smelt,Y
1273,STN,2012,12-Jun-12,704,Delta Smelt,Y
1274,STN,2012,12-Jun-12,704,Delta Smelt,Y
1275,STN,2012,12-Jun-12,704,Delta Smelt,Y
1276,STN,2012,12-Jun-12,706,Delta Smelt,Y
1277,STN,2012,11-Jun-12,719,Delta Smelt,Y
1278,STN,2012,11-Jun-12,719,Delta Smelt,Y
1279,STN,2012,11-Jun-12,719,Delta Smelt,Y
1280,STN,2012,11-Jun-12,721,Delta Smelt,Y
1281,STN,2012,11-Jun-12,721,Delta Smelt,Y
1282,STN,2012,11-Jun-12,721,Delta Smelt,Y
1283,STN,2012,11-Jun-12,721,Delta Smelt,Y
1284,STN,2012,11-Jun-12,721,Delta Smelt,Y
1285,STN,2012,11-Jun-12,721,Delta Smelt,Y
1286,STN,2012,25-Jun-12,721,Delta Smelt,Y
1287,STN,2012,25-Jun-12,721,Delta Smelt,Y
1288,STN,2012,25-Jun-12,721,Delta Smelt,Y
1289,STN,2012,11-Jun-12,797,Delta Smelt,Y
1290,STN,2012,11-Jun-12,797,Delta Smelt,Y
1291,STN,2012,11-Jun-12,797,Delta Smelt,Y
1292,STN,2012,11-Jun-12,797,Delta Smelt,Y
1293,STN,2012,11-Jun-12,797,Delta Smelt,Y
1294,STN,2012,8-Aug-12,513,Delta Smelt,Y
1295,STN,2012,9-Aug-12,602,Delta Smelt,Y
1296,STN,2012,6-Aug-12,721,Delta Smelt,Y
1297,STN,2012,6-Aug-12,721,Delta Smelt,Y
1298,STN,2012,6-Aug-12,797,Delta Smelt,Y
1299,STN,2012,6-Aug-12,797,Delta Smelt,Y
1300,STN,2012,6-Aug-12,797,Delta Smelt,Y
1301,STN,2012,6-Aug-12,797,Delta Smelt,Y
1302,STN,2012,6-Aug-12,797,Delta Smelt,Y
1303,STN,2012,8-Aug-12,801,Delta Smelt,Y
1304,STN,2013,11-Jun-13,721,Delta Smelt,Y
1305,STN,2013,11-Jun-13,721,Delta Smelt,Y
1306,STN,2013,11-Jun-13,721,Delta Smelt,Y
1307,STN,2013,11-Jun-13,721,Delta Smelt,Y
1308,STN,2013,11-Jun-13,721,Delta Smelt,Y
1309,STN,2013,11-Jun-13,721,Delta Smelt,Y
1310,STN,2013,11-Jun-13,721,Delta Smelt,Y
1311,STN,2013,24-Jun-13,721,Delta Smelt,Y
1312,STN,2013,11-Jun-13,723,Delta Smelt,N
1313,STN,2013,11-Jun-13,797,Delta Smelt,Y
1314,STN,2013,11-Jun-13,797,Delta Smelt,Y
1315,STN,2013,11-Jun-13,797,Delta Smelt,Y
1316,STN,2013,11-Jun-13,797,Delta Smelt,Y
1317,STN,2013,11-Jun-13,797,Delta Smelt,Y
1318,STN,2013,24-Jun-13,797,Delta Smelt,Y
1319,STN,2013,24-Jun-13,797,Delta Smelt,Y
1320,STN,2013,24-Jun-13,797,Delta Smelt,Y
1321,STN,2013,24-Jun-13,797,Delta Smelt,Y
1322,STN,2013,10-Jun-13,801,Delta Smelt,Y
1323,STN,2013,11-Jul-13,418,Delta Smelt,Y
1324,STN,2013,25-Jul-13,418,Delta Smelt,Y
1325,STN,2013,10-Jul-13,501,Delta Smelt,Y
1326,STN,2013,10-Jul-13,501,Delta Smelt,Y
1327,STN,2013,10-Jul-13,519,Delta Smelt,Y
1328,STN,2013,10-Jul-13,519,Delta Smelt,Y
1329,STN,2013,10-Jul-13,519,Delta Smelt,Y
1330,STN,2013,10-Jul-13,519,Delta Smelt,Y
1331,STN,2013,10-Jul-13,519,Delta Smelt,Y
1332,STN,2013,10-Jul-13,519,Delta Smelt,N
1333,STN,2013,10-Jul-13,519,Delta Smelt,N
1334,STN,2013,10-Jul-13,519,Delta Smelt,Y
1335,STN,2013,24-Jul-13,519,Delta Smelt,Y
1336,STN,2013,24-Jul-13,519,Delta Smelt,Y
1337,STN,2013,11-Jul-13,602,Delta Smelt,N
1338,STN,2013,11-Jul-13,602,Delta Smelt,N
1339,STN,2013,11-Jul-13,602,Delta Smelt,N
1340,STN,2013,11-Jul-13,602,Delta Smelt,N
1341,STN,2013,22-Jul-13,719,Delta Smelt,Y
1342,STN,2013,22-Jul-13,719,Delta Smelt,Y
1343,STN,2013,22-Jul-13,719,Delta Smelt,Y
1344,STN,2013,22-Jul-13,719,Delta Smelt,Y
1345,STN,2013,8-Jul-13,721,Delta Smelt,Y
1346,STN,2013,7-Aug-13,519,Delta Smelt,Y
1347,STN,2013,21-Aug-13,519,Delta Smelt,Y
1348,STN,2013,8-Aug-13,602,Delta Smelt,Y
1349,STN,2013,21-Aug-13,704,Delta Smelt,Y
1350,STN,2013,19-Aug-13,719,Delta Smelt,Y
1351,STN,2013,19-Aug-13,719,Delta Smelt,Y
1352,STN,2013,19-Aug-13,719,Delta Smelt,Y
1353,STN,2013,21-Aug-13,804,Delta Smelt,Y
1354,STN,2013,5-Aug-13,797,Delta Smelt,Y
1355,STN,2013,21-Aug-13,801,Delta Smelt,Y
1356,STN,2013,19-Aug-13,719,Delta Smelt,Y
1357,STN,2013,19-Aug-13,719,Delta Smelt,Y
1358,SKT,2013,6-Mar-13,719,Delta Smelt,Y
1359,SKT,2013,7-Mar-13,606,Delta Smelt,Y
1360,SKT,2013,7-Mar-13,606,Delta Smelt,Y
1361,STN,2013,27-Jun-13,610,Delta Smelt,Y
1362,SKT,2012,1-May-12,520,Delta Smelt,Y
1363,SKT,2012,1-May-12,508,Delta Smelt,Y
1364,SKT,2012,1-May-12,513,Delta Smelt,Y
1365,STN,2013,24-Jul-13,519,Delta Smelt,Y
1366,STN,2013,24-Jul-13,519,Delta Smelt,Y
1367,STN,2013,25-Jul-13,602,Delta Smelt,N
1368,STN,2013,24-Jul-13,519,Delta Smelt,Y
1369,STN,2013,25-Jul-13,602,Delta Smelt,N
1370,STN,2013,23-Jul-13,704,Delta Smelt,N
1371,STN,2013,22-Jul-13,719,Delta Smelt,Y
1372,STN,2013,24-Jul-13,519,Delta Smelt,Y
1373,STN,2013,24-Jul-13,519,Delta Smelt,Y
1374,STN,2013,22-Jul-13,719,Delta Smelt,Y
1375,SKT,2014,16-Jan-14,609,Delta Smelt,Y
1376,STN,2012,25-Jun-12,797,Delta Smelt,Y
1377,STN,2012,25-Jun-12,797,Delta Smelt,Y
1378,STN,2012,25-Jun-12,797,Delta Smelt,Y
1379,STN,2012,25-Jun-12,797,Delta Smelt,Y
1380,STN,2012,25-Jun-12,797,Delta Smelt,Y
1381,STN,2012,27-Jun-12,520,Delta Smelt,Y
1382,STN,2012,25-Jun-12,797,Delta Smelt,Y
1383,STN,2012,25-Jun-12,797,Delta Smelt,N
1384,STN,2012,27-Jun-12,508,Delta Smelt,Y
1385,STN,2012,25-Jun-12,797,Delta Smelt,Y
1386,STN,2012,25-Jun-12,721,Delta Smelt,Y
1387,STN,2012,20-Aug-12,797,Delta Smelt,Y
1388,STN,2012,20-Aug-12,721,Delta Smelt,Y
1389,STN,2012,20-Aug-12,797,Delta Smelt,Y
1390,STN,2012,20-Aug-12,797,Delta Smelt,Y
1391,STN,2012,20-Aug-12,797,Delta Smelt,Y
1392,STN,2012,21-Aug-12,704,Delta Smelt,Y
1393,STN,2012,20-Aug-12,797,Delta Smelt,Y
1394,STN,2012,22-Aug-12,519,Delta Smelt,Y
1395,STN,2012,20-Aug-12,797,Delta Smelt,Y
1396,STN,2012,13-Jun-12,513,Delta Smelt,N
1397,STN,2012,21-Aug-12,704,Delta Smelt,Y
1398,STN,2012,25-Jun-12,797,Delta Smelt,Y
1399,STN,2012,20-Aug-12,797,Delta Smelt,Y
1400,STN,2012,22-Aug-12,519,Delta Smelt,Y
1401,STN,2012,11-Jun-12,797,Delta Smelt,Y
1402,STN,2012,25-Jun-12,719,Delta Smelt,Y
1403,STN,2012,11-Jun-12,797,Delta Smelt,Y
1404,STN,2012,11-Jun-12,721,Delta Smelt,Y
1405,STN,2012,25-Jun-12,719,Delta Smelt,Y
1406,STN,2012,25-Jun-12,719,Delta Smelt,Y
1407,STN,2012,25-Jun-12,719,Delta Smelt,Y
1408,STN,2012,11-Jun-12,719,Delta Smelt,Y
1409,STN,2012,11-Jun-12,721,Delta Smelt,Y
1410,STN,2012,11-Jun-12,721,Delta Smelt,Y
1411,STN,2012,25-Jun-12,719,Delta Smelt,Y
1412,STN,2012,25-Jun-12,719,Delta Smelt,Y
1413,STN,2012,20-Aug-12,797,Delta Smelt,Y
1414,STN,2012,23-Aug-12,610,Delta Smelt,N
1415,STN,2012,25-Jun-12,719,Delta Smelt,Y
1416,STN,2012,25-Jun-12,721,Delta Smelt,Y
1417,STN,2012,27-Jun-12,508,Delta Smelt,Y
1418,STN,2012,28-Jun-12,609,Delta Smelt,Y
1419,STN,2012,11-Jun-12,797,Delta Smelt,Y
1420,STN,2012,25-Jun-12,719,Delta Smelt,Y
1421,STN,2012,25-Jun-12,797,Delta Smelt,Y
1422,FMWT,2013,10-Sep-13,510,Delta Smelt,Y
1423,STN,2012,25-Jun-12,797,Delta Smelt,Y
1424,FMWT,2013,9-Dec-13,513,Delta Smelt,Y
1425,FMWT,2013,10-Sep-13,515,Delta Smelt,Y
1426,FMWT,2013,8-Oct-13,512,Delta Smelt,Y
1427,FMWT,2013,10-Sep-13,515,Delta Smelt,Y
1428,FMWT,2013,9-Dec-13,515,Delta Smelt,Y
1429,FMWT,2013,9-Dec-13,517,Delta Smelt,Y
1430,STN,2013,10-Jul-13,519,Delta Smelt,Y
1431,STN,2013,10-Jul-13,519,Delta Smelt,Y
1432,STN,2013,24-Jul-13,519,Delta Smelt,Y
1433,STN,2013,24-Jul-13,519,Delta Smelt,Y
1434,STN,2013,24-Jul-13,519,Delta Smelt,Y
1435,STN,2013,12-Jun-13,609,Delta Smelt,Y
1436,STN,2013,12-Jun-13,609,Delta Smelt,Y
1437,STN,2013,12-Jun-13,609,Delta Smelt,Y
1438,STN,2013,12-Jun-13,609,Delta Smelt,Y
1439,STN,2013,12-Jun-13,609,Delta Smelt,Y
1440,STN,2013,12-Jun-13,609,Delta Smelt,Y
1441,STN,2013,12-Jun-13,609,Delta Smelt,Y
1442,STN,2013,12-Jun-13,609,Delta Smelt,Y
1443,STN,2013,12-Jun-13,609,Delta Smelt,Y
1444,STN,2013,27-Jun-13,609,Delta Smelt,Y
1445,FMWT,2013,9-Dec-13,519,Delta Smelt,Y
1446,FMWT,2013,5-Dec-13,603,Delta Smelt,Y
1447,FMWT,2013,5-Dec-13,605,Delta Smelt,Y
1448,FMWT,2013,13-Nov-13,701,Delta Smelt,Y
1449,FMWT,2013,9-Oct-13,703,Delta Smelt,Y
1450,FMWT,2013,13-Nov-13,703,Delta Smelt,N
1451,FMWT,2013,10-Dec-13,703,Delta Smelt,Y
1452,FMWT,2013,11-Sep-13,704,Delta Smelt,Y
1453,FMWT,2013,10-Dec-13,704,Delta Smelt,Y
1454,FMWT,2013,9-Oct-13,705,Delta Smelt,Y
1455,FMWT,2013,19-Nov-13,797,Delta Smelt,Y
1456,FMWT,2013,19-Nov-13,797,Delta Smelt,Y
1457,SKT,2014,16-Jan-14,519,Delta Smelt,Y
1458,SKT,2014,16-Jan-14,519,Delta Smelt,Y
1459,SKT,2014,16-Jan-14,519,Delta Smelt,Y
1460,SKT,2014,16-Jan-14,519,Delta Smelt,Y
1461,SKT,2014,16-Jan-14,519,Delta Smelt,Y
1462,SKT,2014,16-Jan-14,519,Delta Smelt,Y
1463,SKT,2014,15-Jan-14,704,Delta Smelt,Y
1464,SKT,2014,15-Jan-14,704,Delta Smelt,Y
1465,SKT,2014,15-Jan-14,707,Delta Smelt,Y
1466,SKT,2014,15-Jan-14,707,Delta Smelt,Y
1467,SKT,2014,15-Jan-14,713,Delta Smelt,Y
1468,SKT,2014,15-Jan-14,713,Delta Smelt,Y
1469,SKT,2014,15-Jan-14,715,Delta Smelt,Y
1470,SKT,2014,15-Jan-14,715,Delta Smelt,Y
1471,SKT,2014,15-Jan-14,715,Delta Smelt,Y
1472,SKT,2014,15-Jan-14,715,Delta Smelt,Y
1473,SKT,2014,15-Jan-14,715,Delta Smelt,Y
1474,SKT,2014,15-Jan-14,719,Delta Smelt,Y
1475,SKT,2014,14-Jan-14,804,Delta Smelt,Y
1476,SKT,2014,13-Feb-14,606,Delta Smelt,Y
1477,SKT,2014,13-Feb-14,606,Delta Smelt,Y
1478,SKT,2014,13-Feb-14,606,Delta Smelt,Y
1479,SKT,2014,13-Feb-14,606,Delta Smelt,Y
1480,SKT,2014,13-Feb-14,606,Delta Smelt,Y
1481,SKT,2014,12-Feb-14,704,Delta Smelt,Y
1482,SKT,2014,12-Feb-14,704,Delta Smelt,Y
1483,SKT,2014,12-Feb-14,706,Delta Smelt,Y
1484,SKT,2014,12-Feb-14,711,Delta Smelt,Y
1485,SKT,2014,12-Feb-14,712,Delta Smelt,Y
1486,SKT,2014,12-Feb-14,712,Delta Smelt,Y
1487,SKT,2014,12-Feb-14,712,Delta Smelt,Y
1488,SKT,2014,12-Feb-14,713,Delta Smelt,Y
1489,SKT,2014,12-Feb-14,713,Delta Smelt,Y
1490,SKT,2014,12-Feb-14,715,Delta Smelt,Y
1491,SKT,2014,12-Feb-14,715,Delta Smelt,Y
1492,SKT,2014,11-Feb-14,801,Delta Smelt,Y
1493,SKT,2014,11-Feb-14,801,Delta Smelt,Y
1494,SKT,2014,11-Feb-14,801,Delta Smelt,Y
1495,SKT,2014,11-Feb-14,801,Delta Smelt,Y
1496,SKT,2014,11-Feb-14,804,Delta Smelt,Y
1497,SKT,2014,11-Feb-14,804,Delta Smelt,Y
1498,SKT,2014,13-Mar-14,606,Delta Smelt,Y
1499,SKT,2014,13-Mar-14,606,Delta Smelt,Y
1500,SKT,2014,13-Mar-14,610,Delta Smelt,Y
1501,SKT,2014,12-Mar-14,706,Delta Smelt,Y
1502,SKT,2014,12-Mar-14,706,Delta Smelt,N
1503,SKT,2014,12-Mar-14,707,Delta Smelt,Y
1504,SKT,2014,12-Mar-14,707,Delta Smelt,Y
1505,SKT,2014,12-Mar-14,713,Delta Smelt,Y
1506,SKT,2014,12-Mar-14,715,Delta Smelt,Y
1507,SKT,2014,12-Mar-14,715,Delta Smelt,Y
1508,SKT,2014,12-Mar-14,715,Delta Smelt,Y
1509,SKT,2014,12-Mar-14,716,Delta Smelt,Y
1510,SKT,2014,12-Mar-14,716,Delta Smelt,Y
1511,SKT,2014,14-Jan-14,513,Delta Smelt,Y
1512,SKT,2014,14-Jan-14,513,Delta Smelt,Y
1513,SKT,2014,14-Jan-14,513,Delta Smelt,Y
1514,SKT,2014,14-Jan-14,513,Delta Smelt,Y
1515,SKT,2014,14-Jan-14,513,Delta Smelt,Y
1516,SKT,2014,14-Jan-14,513,Delta Smelt,Y
1517,SKT,2014,14-Jan-14,513,Delta Smelt,Y
1518,SKT,2014,14-Jan-14,513,Delta Smelt,Y
1519,SKT,2014,14-Jan-14,513,Delta Smelt,Y
1520,SKT,2014,14-Jan-14,513,Delta Smelt,Y
1521,SKT,2014,14-Jan-14,801,Delta Smelt,Y
1522,SKT,2014,14-Jan-14,801,Delta Smelt,Y
1523,SKT,2014,14-Jan-14,801,Delta Smelt,Y
1524,SKT,2014,14-Jan-14,801,Delta Smelt,Y
1525,SKT,2014,14-Jan-14,801,Delta Smelt,Y
1526,SKT,2014,14-Jan-14,801,Delta Smelt,Y
1527,SKT,2014,14-Jan-14,801,Delta Smelt,Y
1528,SKT,2014,14-Jan-14,801,Delta Smelt,Y
1529,SKT,2014,14-Jan-14,801,Delta Smelt,Y
1530,SKT,2014,14-Jan-14,801,Delta Smelt,Y
1531,SKT,2014,15-Jan-14,706,Delta Smelt,Y
1532,SKT,2014,15-Jan-14,706,Delta Smelt,Y
1533,SKT,2014,15-Jan-14,706,Delta Smelt,Y
1534,SKT,2014,15-Jan-14,706,Delta Smelt,Y
1535,SKT,2014,15-Jan-14,706,Delta Smelt,Y
1538,SKT,2014,15-Jan-14,706,Delta Smelt,Y
1539,SKT,2014,15-Jan-14,706,Delta Smelt,Y
1540,SKT,2014,15-Jan-14,706,Delta Smelt,Y
1541,SKT,2014,15-Jan-14,706,Delta Smelt,Y
1542,SKT,2014,15-Jan-14,706,Delta Smelt,Y
1543,SKT,2014,16-Jan-14,606,Delta Smelt,Y
1544,SKT,2014,16-Jan-14,606,Delta Smelt,Y
1545,SKT,2014,16-Jan-14,606,Delta Smelt,Y
1546,SKT,2014,16-Jan-14,606,Delta Smelt,Y
1547,SKT,2014,16-Jan-14,606,Delta Smelt,Y
1548,SKT,2014,16-Jan-14,606,Delta Smelt,Y
1549,SKT,2014,16-Jan-14,606,Delta Smelt,Y
1550,SKT,2014,16-Jan-14,606,Delta Smelt,Y
1551,SKT,2014,16-Jan-14,606,Delta Smelt,Y
1552,SKT,2014,16-Jan-14,606,Delta Smelt,Y
1553,SKT,2014,16-Jan-14,609,Delta Smelt,Y
1554,SKT,2014,16-Jan-14,609,Delta Smelt,Y
1555,SKT,2014,16-Jan-14,609,Delta Smelt,Y
1556,SKT,2014,16-Jan-14,609,Delta Smelt,Y
1557,SKT,2014,16-Jan-14,609,Delta Smelt,Y
1558,SKT,2014,16-Jan-14,609,Delta Smelt,Y
1559,SKT,2014,16-Jan-14,609,Delta Smelt,Y
1560,SKT,2014,16-Jan-14,609,Delta Smelt,Y
1561,SKT,2014,16-Jan-14,609,Delta Smelt,Y
1562,SKT,2014,16-Jan-14,609,Delta Smelt,Y
1563,SKT,2014,13-Feb-14,609,Delta Smelt,Y
1564,SKT,2014,13-Feb-14,609,Delta Smelt,Y
1565,SKT,2014,13-Feb-14,609,Delta Smelt,Y
1566,SKT,2014,13-Feb-14,609,Delta Smelt,Y
1567,SKT,2014,13-Feb-14,609,Delta Smelt,Y
1568,SKT,2014,13-Feb-14,609,Delta Smelt,Y
1569,SKT,2014,13-Feb-14,609,Delta Smelt,Y
1570,SKT,2014,13-Feb-14,609,Delta Smelt,Y
1571,SKT,2014,13-Feb-14,609,Delta Smelt,Y
1572,SKT,2014,13-Feb-14,609,Delta Smelt,Y
1573,SKT,2014,12-Mar-14,719,Delta Smelt,Y
1574,SKT,2014,12-Mar-14,719,Delta Smelt,Y
1575,SKT,2014,12-Mar-14,719,Delta Smelt,Y
1576,SKT,2014,12-Mar-14,719,Delta Smelt,Y
1577,SKT,2014,12-Mar-14,719,Delta Smelt,Y
1578,SKT,2014,12-Mar-14,719,Delta Smelt,Y
1579,SKT,2014,12-Mar-14,719,Delta Smelt,Y
1580,SKT,2014,12-Mar-14,719,Delta Smelt,Y
1581,SKT,2014,12-Mar-14,719,Delta Smelt,Y
1582,SKT,2014,12-Mar-14,719,Delta Smelt,Y
1583,SKT,2014,13-Mar-14,609,Delta Smelt,Y
1584,SKT,2014,13-Mar-14,609,Delta Smelt,Y
1585,SKT,2014,13-Mar-14,609,Delta Smelt,Y
1586,SKT,2014,13-Mar-14,609,Delta Smelt,Y
1587,SKT,2014,13-Mar-14,609,Delta Smelt,Y
1588,SKT,2014,13-Mar-14,609,Delta Smelt,Y
1589,SKT,2014,13-Mar-14,609,Delta Smelt,Y
1590,SKT,2014,13-Mar-14,609,Delta Smelt,Y
1591,SKT,2014,13-Mar-14,609,Delta Smelt,Y
1592,SKT,2014,13-Mar-14,609,Delta Smelt,Y
1593,SKT,2014,12-Mar-14,706,Delta Smelt,Y
1594,SKT,2014,12-Mar-14,707,Delta Smelt,Y
1595,SKT,2014,12-Mar-14,715,Delta Smelt,Y
1596,SKT,2014,9-Apr-14,504,Delta Smelt,Y
1597,SKT,2014,9-Apr-14,609,Delta Smelt,Y
1598,SKT,2014,9-Apr-14,609,Delta Smelt,Y
1599,SKT,2014,8-Apr-14,704,Delta Smelt,Y
1600,SKT,2014,8-Apr-14,707,Delta Smelt,Y
1601,SKT,2014,8-Apr-14,715,Delta Smelt,Y
1602,SKT,2014,8-Apr-14,719,Delta Smelt,Y
1603,SKT,2014,8-Apr-14,719,Delta Smelt,Y
1604,SKT,2014,8-Apr-14,719,Delta Smelt,Y
1605,SKT,2014,8-Apr-14,719,Delta Smelt,Y
1606,SKT,2014,8-Apr-14,719,Delta Smelt,Y
1607,SKT,2014,8-Apr-14,719,Delta Smelt,Y
1608,SKT,2014,8-Apr-14,719,Delta Smelt,Y
1609,SKT,2014,8-Apr-14,719,Delta Smelt,Y
1610,SKT,2014,8-Apr-14,719,Delta Smelt,Y
1611,SKT,2014,8-Apr-14,719,Delta Smelt,Y
1612,SKT,2014,10-Apr-14,804,Delta Smelt,Y
1613,SKT,2014,10-Apr-14,804,Delta Smelt,Y
1614,SKT,2014,10-Apr-14,804,Delta Smelt,Y
1615,SKT,2014,8-May-14,606,Delta Smelt,Y
1616,SKT,2014,7-May-14,706,Delta Smelt,Y
1617,SKT,2014,7-May-14,719,Delta Smelt,Y
1618,SKT,2014,7-May-14,719,Delta Smelt,Y
1619,SKT,2014,7-May-14,719,Delta Smelt,Y
1620,SKT,2014,7-May-14,719,Delta Smelt,Y
1621,SKT,2014,7-May-14,719,Delta Smelt,Y
1622,SKT,2014,7-May-14,719,Delta Smelt,Y
1623,SKT,2014,7-May-14,719,Delta Smelt,Y
1624,SKT,2014,7-May-14,719,Delta Smelt,Y
1625,SKT,2014,7-May-14,719,Delta Smelt,Y
1626,SKT,2014,7-May-14,719,Delta Smelt,Y
1627,STN,2014,3-Jun-14,704,Delta Smelt,Y
1628,STN,2014,3-Jun-14,704,Delta Smelt,N
1629,STN,2014,3-Jun-14,704,Delta Smelt,Y
1630,STN,2014,3-Jun-14,704,Delta Smelt,Y
1631,STN,2014,3-Jun-14,704,Delta Smelt,Y
1632,STN,2014,16-Jun-14,704,Delta Smelt,Y
1633,STN,2014,16-Jun-14,704,Delta Smelt,N
1634,STN,2014,16-Jun-14,704,Delta Smelt,N
1635,STN,2014,16-Jun-14,704,Delta Smelt,Y
1636,STN,2014,16-Jun-14,704,Delta Smelt,Y
1637,STN,2014,16-Jun-14,704,Delta Smelt,Y
1638,STN,2014,16-Jun-14,706,Delta Smelt,Y
1639,STN,2014,16-Jun-14,706,Delta Smelt,N
1640,STN,2014,16-Jun-14,706,Delta Smelt,N
1641,STN,2014,16-Jun-14,706,Delta Smelt,Y
1642,STN,2014,16-Jun-14,706,Delta Smelt,Y
1643,STN,2014,16-Jun-14,706,Delta Smelt,Y
1644,STN,2014,16-Jun-14,706,Delta Smelt,Y
1645,STN,2014,16-Jun-14,706,Delta Smelt,Y
1646,STN,2014,16-Jun-14,706,Delta Smelt,Y
1647,STN,2014,16-Jun-14,706,Delta Smelt,N
1648,STN,2014,16-Jun-14,707,Delta Smelt,N
1649,STN,2014,16-Jun-14,707,Delta Smelt,N
1650,STN,2014,16-Jun-14,707,Delta Smelt,Y
1651,STN,2014,2-Jun-14,719,Delta Smelt,Y
1652,STN,2014,2-Jun-14,719,Delta Smelt,Y
1653,STN,2014,2-Jun-14,719,Delta Smelt,Y
1654,STN,2014,2-Jun-14,719,Delta Smelt,Y
1655,STN,2014,2-Jun-14,719,Delta Smelt,Y
1656,STN,2014,2-Jun-14,719,Delta Smelt,N
1657,STN,2014,2-Jun-14,719,Delta Smelt,N
1658,STN,2014,2-Jun-14,797,Delta Smelt,Y
1659,STN,2014,2-Jun-14,797,Delta Smelt,Y
1660,STN,2014,2-Jun-14,797,Delta Smelt,Y
1661,STN,2014,2-Jun-14,797,Delta Smelt,Y
1662,STN,2014,2-Jun-14,797,Delta Smelt,Y
1663,STN,2014,2-Jun-14,797,Delta Smelt,Y
1664,STN,2014,2-Jun-14,797,Delta Smelt,Y
1665,STN,2014,2-Jun-14,797,Delta Smelt,Y
1666,STN,2014,2-Jun-14,797,Delta Smelt,Y
1667,STN,2014,18-Jun-14,797,Delta Smelt,Y
1668,STN,2014,18-Jun-14,797,Delta Smelt,Y
1669,STN,2014,18-Jun-14,797,Delta Smelt,Y
1670,STN,2014,1-Jul-14,602,Delta Smelt,Y
1671,STN,2014,1-Jul-14,602,Delta Smelt,Y
1672,STN,2014,1-Jul-14,602,Delta Smelt,Y
1673,STN,2014,31-Jul-14,602,Delta Smelt,Y
1674,STN,2014,31-Jul-14,602,Delta Smelt,N
1675,STN,2014,31-Jul-14,602,Delta Smelt,N
1676,STN,2014,31-Jul-14,602,Delta Smelt,N
1677,STN,2014,31-Jul-14,602,Delta Smelt,N
1678,STN,2014,15-Jul-14,704,Delta Smelt,Y
1679,STN,2014,15-Jul-14,704,Delta Smelt,Y
1680,STN,2014,29-Jul-14,704,Delta Smelt,Y
1681,STN,2014,29-Jul-14,704,Delta Smelt,Y
1682,STN,2014,15-Jul-14,706,Delta Smelt,Y
1683,STN,2014,15-Jul-14,706,Delta Smelt,Y
1684,STN,2014,15-Jul-14,706,Delta Smelt,Y
1685,STN,2014,15-Jul-14,706,Delta Smelt,Y
1686,STN,2014,15-Jul-14,707,Delta Smelt,Y
1687,STN,2014,14-Jul-14,719,Delta Smelt,Y
1688,STN,2014,14-Jul-14,719,Delta Smelt,Y
1689,STN,2014,14-Aug-14,602,Delta Smelt,Y
1690,STN,2014,12-Aug-14,704,Delta Smelt,Y
1691,STN,2014,12-Aug-14,704,Delta Smelt,Y
1692,STN,2014,12-Aug-14,704,Delta Smelt,Y
1693,STN,2014,12-Aug-14,704,Delta Smelt,Y
1694,STN,2014,12-Aug-14,704,Delta Smelt,Y
1695,STN,2014,12-Aug-14,704,Delta Smelt,Y
1696,STN,2014,12-Aug-14,704,Delta Smelt,Y
1697,STN,2014,11-Aug-14,797,Delta Smelt,Y
1769,FMWT,2014,10-Sep-14,602,Delta Smelt,Y
1770,FMWT,2014,11-Sep-14,705,Delta Smelt,Y
1771,FMWT,2014,11-Sep-14,705,Delta Smelt,Y
1772,FMWT,2014,11-Sep-14,705,Delta Smelt,Y
1773,FMWT,2014,17-Sep-14,719,Delta Smelt,Y
1774,FMWT,2014,9-Oct-14,705,Delta Smelt,Y
1775,FMWT,2014,9-Oct-14,706,Delta Smelt,Y
1776,FMWT,2014,9-Oct-14,706,Delta Smelt,Y
1777,FMWT,2014,8-Dec-14,511,Delta Smelt,Y
1778,FMWT,2014,16-Dec-14,721,Delta Smelt,Y
1779,FMWT,2014,16-Dec-14,797,Delta Smelt,Y
1780,SKT,2014,8-Dec-14,508,Delta Smelt,Y
1781,SKT,2014,9-Dec-14,701,Delta Smelt,Y
1782,SKT,2014,9-Dec-14,703,Delta Smelt,Y
1783,SKT,2014,9-Dec-14,704,Delta Smelt,Y
1784,SKT,2014,9-Dec-14,704,Delta Smelt,Y
1785,SKT,2014,9-Dec-14,704,Delta Smelt,Y
1786,SKT,2014,9-Dec-14,704,Delta Smelt,Y
1787,SKT,2014,9-Dec-14,705,Delta Smelt,Y
1788,SKT,2014,9-Dec-14,705,Delta Smelt,Y
1789,SKT,2014,9-Dec-14,705,Delta Smelt,Y
1790,SKT,2014,9-Dec-14,705,Delta Smelt,Y
1791,SKT,2014,9-Dec-14,705,Delta Smelt,Y
1792,SKT,2014,9-Dec-14,705,Delta Smelt,Y
1793,SKT,2014,9-Dec-14,705,Delta Smelt,Y
1794,SKT,2014,9-Dec-14,705,Delta Smelt,Y
1795,SKT,2014,9-Dec-14,705,Delta Smelt,Y
1796,SKT,2014,9-Dec-14,705,Delta Smelt,Y
1797,SKT,2014,9-Dec-14,707,Delta Smelt,Y
1798,SKT,2014,9-Dec-14,707,Delta Smelt,Y
1799,SKT,2014,9-Dec-14,707,Delta Smelt,Y
1800,SKT,2014,9-Dec-14,711,Delta Smelt,Y
1801,SKT,2014,16-Dec-14,804,Delta Smelt,Y
1802,SKT,2015,11-Mar-15,719,Delta Smelt,Y
1803,SKT,2014,16-Dec-14,513,Delta Smelt,Y
1804,SKT,2014,16-Dec-14,519,Delta Smelt,Y
1805,SKT,2014,16-Dec-14,501,Delta Smelt,Y
1806,SKT,2014,17-Dec-14,704,Delta Smelt,Y
1807,SKT,2014,17-Dec-14,704,Delta Smelt,Y
1808,SKT,2014,17-Dec-14,704,Delta Smelt,Y
1809,SKT,2014,17-Dec-14,704,Delta Smelt,Y
1810,SKT,2014,17-Dec-14,704,Delta Smelt,N
1811,SKT,2014,17-Dec-14,704,Delta Smelt,Y
1812,SKT,2014,17-Dec-14,704,Delta Smelt,Y
1813,SKT,2014,17-Dec-14,704,Delta Smelt,Y
1814,SKT,2014,17-Dec-14,704,Delta Smelt,Y
1815,SKT,2014,17-Dec-14,704,Delta Smelt,Y
1816,SKT,2014,17-Dec-14,706,Delta Smelt,Y
1817,SKT,2014,17-Dec-14,715,Delta Smelt,Y
1818,SKT,2014,17-Dec-14,719,Delta Smelt,Y
1819,SKT,2014,17-Dec-14,719,Delta Smelt,Y
1820,SKT,2014,18-Dec-14,602,Delta Smelt,Y
1821,SKT,2014,18-Dec-14,504,Delta Smelt,Y
1822,SKT,2014,18-Dec-14,504,Delta Smelt,Y
1823,SKT,2015,13-Jan-15,801,Delta Smelt,Y
1824,SKT,2015,13-Jan-15,513,Delta Smelt,Y
1825,SKT,2015,13-Jan-15,508,Delta Smelt,Y
1826,SKT,2015,14-Jan-15,706,Delta Smelt,Y
1827,SKT,2015,14-Jan-15,706,Delta Smelt,Y
1828,SKT,2015,14-Jan-15,706,Delta Smelt,Y
1829,SKT,2015,14-Jan-15,706,Delta Smelt,Y
1830,SKT,2015,14-Jan-15,719,Delta Smelt,Y
1831,SKT,2015,14-Jan-15,719,Delta Smelt,Y
1832,SKT,2015,14-Jan-15,719,Delta Smelt,Y
1833,SKT,2015,14-Jan-15,719,Delta Smelt,Y
1834,SKT,2015,15-Jan-15,610,Delta Smelt,Y
1835,SKT,2015,15-Jan-15,610,Delta Smelt,Y
1836,SKT,2015,15-Jan-15,609,Delta Smelt,Y
1837,SKT,2015,15-Jan-15,609,Delta Smelt,Y
1838,SKT,2015,15-Jan-15,609,Delta Smelt,Y
1839,SKT,2015,15-Jan-15,606,Delta Smelt,Y
1840,SKT,2015,10-Feb-15,801,Delta Smelt,Y
1841,SKT,2015,10-Feb-15,508,Delta Smelt,Y
1842,SKT,2015,10-Feb-15,508,Delta Smelt,Y
1843,SKT,2015,10-Feb-15,508,Delta Smelt,Y
1844,SKT,2015,10-Feb-15,508,Delta Smelt,Y
1845,SKT,2015,10-Feb-15,508,Delta Smelt,Y
1846,SKT,2015,11-Feb-15,704,Delta Smelt,Y
1847,SKT,2015,11-Feb-15,704,Delta Smelt,Y
1848,SKT,2015,11-Feb-15,704,Delta Smelt,Y
1849,SKT,2015,11-Feb-15,706,Delta Smelt,Y
1850,SKT,2015,11-Feb-15,706,Delta Smelt,Y
1851,SKT,2015,11-Feb-15,706,Delta Smelt,Y
1852,SKT,2015,11-Feb-15,706,Delta Smelt,Y
1853,SKT,2015,11-Feb-15,706,Delta Smelt,Y
1854,SKT,2015,11-Feb-15,706,Delta Smelt,Y
1855,SKT,2015,11-Feb-15,706,Delta Smelt,Y
1856,SKT,2015,11-Feb-15,706,Delta Smelt,Y
1857,SKT,2015,11-Feb-15,707,Delta Smelt,Y
1858,SKT,2015,11-Feb-15,707,Delta Smelt,Y
1859,SKT,2015,11-Feb-15,706,Delta Smelt,Y
1860,SKT,2015,11-Feb-15,706,Delta Smelt,Y
1861,SKT,2015,11-Feb-15,715,Delta Smelt,Y
1862,SKT,2015,11-Feb-15,716,Delta Smelt,Y
1863,SKT,2015,11-Feb-15,719,Delta Smelt,Y
1864,SKT,2015,12-Feb-15,606,Delta Smelt,Y
1865,SKT,2015,12-Feb-15,606,Delta Smelt,Y
1866,SKT,2015,12-Feb-15,606,Delta Smelt,Y
1867,SKT,2015,12-Feb-15,606,Delta Smelt,Y
1868,SKT,2015,12-Feb-15,606,Delta Smelt,Y
1869,SKT,2015,12-Feb-15,606,Delta Smelt,Y
1870,SKT,2015,12-Feb-15,606,Delta Smelt,Y
1871,SKT,2015,12-Feb-15,606,Delta Smelt,Y
1872,SKT,2015,12-Feb-15,606,Delta Smelt,Y
1873,SKT,2015,12-Feb-15,606,Delta Smelt,Y
1874,SKT,2015,12-Feb-15,609,Delta Smelt,Y
1875,SKT,2015,12-Feb-15,609,Delta Smelt,Y
1876,SKT,2015,12-Feb-15,609,Delta Smelt,Y
1877,SKT,2015,12-Feb-15,609,Delta Smelt,Y
1878,SKT,2015,12-Feb-15,610,Delta Smelt,Y
1879,SKT,2015,11-Mar-15,707,Delta Smelt,Y
1880,SKT,2015,11-Mar-15,707,Delta Smelt,Y
1881,SKT,2014,16-Dec-14,804,Delta Smelt,Y
1882,SKT,2015,11-Mar-15,719,Delta Smelt,Y
1883,SKT,2015,12-Mar-15,609,Delta Smelt,Y
1884,SKT,2015,8-Apr-15,719,Delta Smelt,Y
1885,SKT,2015,6-May-15,719,Delta Smelt,Y
1886,SKT,2015,6-May-15,719,Delta Smelt,Y
1887,SKT,2015,6-May-15,719,Delta Smelt,Y
1888,SKT,2015,6-May-15,719,Delta Smelt,Y
1889,GES,2014,21-Oct-14,705,Delta Smelt,Y
1890,GES,2014,21-Oct-14,705,Delta Smelt,Y
1891,GES,2014,21-Oct-14,705,Delta Smelt,Y
1892,GES,2014,21-Oct-14,705,Delta Smelt,Y
1893,GES,2014,21-Oct-14,705,Delta Smelt,Y
1894,GES,2014,21-Oct-14,705,Delta Smelt,Y
1895,GES,2014,2-Dec-14,704/705,Delta Smelt,Y
1896,GES,2014,2-Dec-14,704/705,Delta Smelt,Y
1897,GES,2014,2-Dec-14,704/705,Delta Smelt,Y
1898,GES,2014,2-Dec-14,704/705,Delta Smelt,Y
1899,GES,2014,2-Dec-14,704/705,Delta Smelt,Y
1900,GES,2014,2-Dec-14,704/705,Delta Smelt,Y
1901,GES,2014,2-Dec-14,704/705,Delta Smelt,Y
1902,GES,2014,2-Dec-14,704/705,Delta Smelt,Y
1903,GES,2014,2-Dec-14,704/705,Delta Smelt,Y
1904,GES,2014,2-Dec-14,704/705,Delta Smelt,Y
1905,GES,2014,2-Dec-14,704/705,Delta Smelt,Y
1906,GES,2014,2-Dec-14,704/705,Delta Smelt,Y
1907,GES,2014,2-Dec-14,797,Delta Smelt,Y
1908,GES,2014,2-Dec-14,797,Delta Smelt,Y
1909,GES,2014,21-Aug-14,704/705,Delta Smelt,Y
1910,GES,2014,21-Aug-14,704/705,Delta Smelt,Y
1911,GES,2014,21-Aug-14,704/705,Delta Smelt,Y
1912,GES,2014,21-Aug-14,704/705,Delta Smelt,Y
1913,GES,2014,21-Aug-14,704/705,Delta Smelt,Y
1914,GES,2014,21-Aug-14,704/705,Delta Smelt,Y
1915,GES,2014,21-Aug-14,704/705,Delta Smelt,Y
1916,GES,2014,21-Aug-14,704/705,Delta Smelt,Y
1917,GES,2014,21-Aug-14,704/705,Delta Smelt,Y
1918,GES,2014,21-Aug-14,704/705,Delta Smelt,Y
1919,GES,2014,21-Aug-14,704/705,Delta Smelt,Y
1920,GES,2014,21-Aug-14,704/705,Delta Smelt,Y
1921,GES,2014,21-Aug-14,704/705,Delta Smelt,Y
1922,GES,2014,21-Aug-14,704/705,Delta Smelt,Y
1923,GES,2014,21-Aug-14,704/705,Delta Smelt,Y
1924,GES,2014,21-Aug-14,704/705,Delta Smelt,Y
1925,GES,2014,21-Aug-14,704/705,Delta Smelt,N
1926,GES,2014,21-Aug-14,704/705,Delta Smelt,Y
1927,GES,2014,21-Aug-14,704/705,Delta Smelt,N
1928,GES,2014,21-Aug-14,704,Delta Smelt,N
1929,GES,2014,21-Aug-14,704,Delta Smelt,Y
1930,GES,2014,21-Aug-14,704,Delta Smelt,Y
1931,GES,2014,21-Aug-14,704,Delta Smelt,Y
1932,GES,2014,21-Aug-14,704,Delta Smelt,Y
1933,GES,2014,21-Aug-14,704,Delta Smelt,Y
1934,GES,2014,21-Aug-14,704,Delta Smelt,N
1935,GES,2014,21-Aug-14,704,Delta Smelt,Y
1936,GES,2014,21-Aug-14,704,Delta Smelt,Y
1937,GES,2014,21-Aug-14,704,Delta Smelt,Y
1938,GES,2014,21-Aug-14,704,Delta Smelt,Y
1939,GES,2014,21-Aug-14,704,Delta Smelt,Y
1940,GES,2014,21-Aug-14,704,Delta Smelt,Y
1941,GES,2014,21-Aug-14,704,Delta Smelt,Y
1942,GES,2014,21-Aug-14,704,Delta Smelt,Y
1943,GES,2014,21-Aug-14,704,Delta Smelt,Y
1944,GES,2014,21-Aug-14,704,Delta Smelt,Y
1945,GES,2014,21-Aug-14,704,Delta Smelt,Y
1946,GES,2014,21-Aug-14,704,Delta Smelt,Y
1947,GES,2014,21-Aug-14,704,Delta Smelt,Y
1948,GES,2014,21-Aug-14,704,Delta Smelt,Y
1949,GES,2014,21-Aug-14,704,Delta Smelt,Y
1950,GES,2014,21-Aug-14,704,Delta Smelt,Y
1951,GES,2014,21-Aug-14,704,Delta Smelt,Y
1952,GES,2014,21-Aug-14,704,Delta Smelt,Y
1953,GES,2014,21-Aug-14,704,Delta Smelt,Y
1954,GES,2014,21-Aug-14,704,Delta Smelt,Y
1955,GES,2014,21-Aug-14,704,Delta Smelt,Y
1956,GES,2014,21-Aug-14,704,Delta Smelt,Y
1957,GES,2014,21-Aug-14,704,Delta Smelt,Y
1958,GES,2014,21-Aug-14,704,Delta Smelt,Y
1959,GES,2014,21-Aug-14,704,Delta Smelt,Y
1960,GES,2014,21-Aug-14,704,Delta Smelt,Y
1961,GES,2014,21-Aug-14,704,Delta Smelt,Y
1962,GES,2014,21-Aug-14,704,Delta Smelt,Y
1963,GES,2014,21-Aug-14,704,Delta Smelt,Y
1964,GES,2014,21-Aug-14,704,Delta Smelt,Y
1965,GES,2014,21-Aug-14,704,Delta Smelt,Y
1966,GES,2014,21-Aug-14,704,Delta Smelt,Y
1967,GES,2014,21-Aug-14,704,Delta Smelt,Y
1968,GES,2014,21-Aug-14,704,Delta Smelt,Y
1969,GES,2014,21-Aug-14,797,Delta Smelt,Y
1970,GES,2014,21-Aug-14,797,Delta Smelt,Y
1971,GES,2014,21-Aug-14,797,Delta Smelt,Y
1972,GES,2014,21-Aug-14,797,Delta Smelt,Y
1973,GES,2014,21-Aug-14,797,Delta Smelt,Y
1974,GES,2014,21-Aug-14,797,Delta Smelt,N
1975,GES,2014,21-Aug-14,797,Delta Smelt,Y
1976,GES,2014,21-Aug-14,797,Delta Smelt,Y
1977,GES,2014,21-Aug-14,797,Delta Smelt,Y
1978,GES,2014,21-Aug-14,797,Delta Smelt,Y
1979,GES,2014,21-Aug-14,797,Delta Smelt,Y
1980,GES,2014,21-Aug-14,797,Delta Smelt,Y
1981,GES,2014,21-Aug-14,797,Delta Smelt,Y
1982,GES,2014,21-Aug-14,797,Delta Smelt,Y
1983,GES,2014,21-Aug-14,797,Delta Smelt,Y
1984,GES,2014,21-Aug-14,797,Delta Smelt,Y
1985,GES,2014,21-Aug-14,797,Delta Smelt,Y
1986,GES,2014,21-Aug-14,797,Delta Smelt,Y
1987,GES,2014,21-Aug-14,797,Delta Smelt,Y
1988,GES,2014,21-Aug-14,797,Delta Smelt,Y
1989,GES,2014,21-Aug-14,797,Delta Smelt,Y
1990,GES,2014,21-Aug-14,797,Delta Smelt,Y
1991,GES,2014,21-Aug-14,797,Delta Smelt,N
1992,GES,2014,21-Aug-14,797,Delta Smelt,Y
1993,GES,2014,21-Aug-14,797,Delta Smelt,Y
1994,GES,2014,21-Aug-14,797,Delta Smelt,Y
1995,GES,2014,21-Aug-14,797,Delta Smelt,Y
1996,GES,2014,21-Aug-14,797,Delta Smelt,Y
1997,GES,2014,21-Aug-14,797,Delta Smelt,Y
1998,GES,2014,25-Sep-14,705,Delta Smelt,Y
1999,GES,2014,25-Sep-14,705,Delta Smelt,Y
2000,GES,2014,25-Sep-14,705,Delta Smelt,Y
2001,GES,2014,25-Sep-14,705,Delta Smelt,Y
2002,GES,2014,25-Sep-14,705,Delta Smelt,Y
2003,GES,2014,25-Sep-14,705,Delta Smelt,Y
2004,GES,2014,25-Sep-14,705,Delta Smelt,Y
2005,GES,2014,25-Sep-14,705,Delta Smelt,Y
2006,GES,2014,25-Sep-14,705,Delta Smelt,Y
2007,GES,2014,25-Sep-14,705,Delta Smelt,Y
2008,GES,2014,25-Sep-14,705,Delta Smelt,Y
2009,GES,2014,25-Sep-14,705,Delta Smelt,Y
2010,GES,2014,25-Sep-14,705,Delta Smelt,N
2011,GES,2014,25-Sep-14,705,Delta Smelt,Y
2012,GES,2014,25-Sep-14,705,Delta Smelt,Y
2013,GES,2014,25-Sep-14,705,Delta Smelt,Y
2014,GES,2014,25-Sep-14,705,Delta Smelt,Y
2015,GES,2014,25-Sep-14,705,Delta Smelt,Y
2016,GES,2014,25-Sep-14,705,Delta Smelt,Y
2017,GES,2014,25-Sep-14,705,Delta Smelt,Y
2018,GES,2014,25-Sep-14,705,Delta Smelt,Y
2019,GES,2014,25-Sep-14,705,Delta Smelt,Y
2020,GES,2014,25-Sep-14,705,Delta Smelt,Y
2021,GES,2014,25-Sep-14,705,Delta Smelt,Y
2022,GES,2014,25-Sep-14,705,Delta Smelt,Y
2023,GES,2014,25-Sep-14,705,Delta Smelt,Y
2024,GES,2014,25-Sep-14,705,Delta Smelt,Y
2025,GES,2014,25-Sep-14,705,Delta Smelt,Y
2026,GES,2014,25-Sep-14,705,Delta Smelt,Y
2027,GES,2014,25-Sep-14,705,Delta Smelt,Y
2028,GES,2014,25-Sep-14,705,Delta Smelt,Y
2029,GES,2014,25-Sep-14,705,Delta Smelt,Y
2030,GES,2014,25-Sep-14,705,Delta Smelt,Y
2031,GES,2014,25-Sep-14,705,Delta Smelt,Y
2032,GES,2014,25-Sep-14,705,Delta Smelt,Y
2033,GES,2014,25-Sep-14,705,Delta Smelt,Y
2034,GES,2014,25-Sep-14,705,Delta Smelt,Y
2035,GES,2014,25-Sep-14,705,Delta Smelt,Y
2036,GES,2014,25-Sep-14,705,Delta Smelt,Y
2037,GES,2014,25-Sep-14,705,Delta Smelt,Y
2038,GES,2014,25-Sep-14,705,Delta Smelt,Y
2039,GES,2014,25-Sep-14,705,Delta Smelt,Y
2040,GES,2014,25-Sep-14,705,Delta Smelt,Y
2041,GES,2014,25-Sep-14,705,Delta Smelt,Y
2042,GES,2014,25-Sep-14,705,Delta Smelt,Y
2043,GES,2014,25-Sep-14,705,Delta Smelt,Y
2044,GES,2014,25-Sep-14,705,Delta Smelt,Y
2045,GES,2014,25-Sep-14,705,Delta Smelt,Y
2046,GES,2014,25-Sep-14,705,Delta Smelt,Y
2047,GES,2014,25-Sep-14,705,Delta Smelt,Y
2048,GES,2014,25-Sep-14,705,Delta Smelt,Y
2049,GES,2014,25-Sep-14,705,Delta Smelt,Y
2050,GES,2014,25-Sep-14,705,Delta Smelt,Y
2051,GES,2014,25-Sep-14,705,Delta Smelt,Y
2052,GES,2014,25-Sep-14,705,Delta Smelt,Y
2053,GES,2014,25-Sep-14,705,Delta Smelt,Y
2054,GES,2014,25-Sep-14,705,Delta Smelt,Y
2055,GES,2014,25-Sep-14,705,Delta Smelt,Y
2056,GES,2014,25-Sep-14,705,Delta Smelt,Y
2057,GES,2014,25-Sep-14,705,Delta Smelt,Y
2058,GES,2014,25-Sep-14,705,Delta Smelt,Y
2059,GES,2014,25-Sep-14,705,Delta Smelt,Y
2060,GES,2014,25-Sep-14,705,Delta Smelt,Y
2061,GES,2014,25-Sep-14,705,Delta Smelt,Y
2062,GES,2014,25-Sep-14,797,Delta Smelt,Y
2063,GES,2014,25-Sep-14,705,Delta Smelt,Y
2064,STN,2015,18-Jun-15,713,Delta Smelt,Y
2065,STN,2015,18-Jun-15,719,Delta Smelt,Y
2066,STN,2015,18-Jun-15,719,Delta Smelt,Y
2067,STN,2015,18-Jun-15,719,Delta Smelt,Y
2068,STN,2015,1-Jul-15,719,Delta Smelt,Y
2069,STN,2015,1-Jul-15,719,Delta Smelt,Y
2070,STN,2015,1-Jul-15,719,Delta Smelt,Y
2071,STN,2015,1-Jul-15,719,Delta Smelt,Y
2072,STN,2015,1-Jul-15,719,Delta Smelt,Y
2073,STN,2015,1-Jul-15,719,Delta Smelt,Y
2074,STN,2015,1-Jul-15,719,Delta Smelt,Y
2075,STN,2015,1-Jul-15,719,Delta Smelt,Y
2076,STN,2015,1-Jul-15,719,Delta Smelt,Y
2077,STN,2015,1-Jul-15,719,Delta Smelt,Y
2078,STN,2015,12-Aug-15,797,Delta Smelt,Y
2101,STN,2017,14-Jun-17,602,Delta Smelt,Y
2102,STN,2017,27-Jun-17,602,Delta Smelt,Y
2103,STN,2017,27-Jun-17,602,Delta Smelt,Y
2104,STN,2017,27-Jun-17,602,Delta Smelt,Y
2105,STN,2017,27-Jun-17,418,Delta Smelt,Y
2106,STN,2017,27-Jun-17,418,Delta Smelt,Y
2107,STN,2017,12-Jul-17,508,Delta Smelt,Y
2108,STN,2017,22-Aug-17,602,Delta Smelt,Y
2109,STN,2017,22-Aug-17,602,Delta Smelt,N
2110,STN,2017,22-Aug-17,602,Delta Smelt,Y
2111,STN,2017,22-Aug-17,602,Delta Smelt,Y
2112,STN,2017,22-Aug-17,602,Delta Smelt,Y
2113,STN,2017,22-Aug-17,602,Delta Smelt,Y
2114,STN,2017,22-Aug-17,602,Delta Smelt,Y
2115,STN,2017,22-Aug-17,602,Delta Smelt,Y
2116,STN,2017,22-Aug-17,602,Delta Smelt,Y
2117,STN,2017,22-Aug-17,602,Delta Smelt,Y
2118,STN,2017,22-Aug-17,602,Delta Smelt,Y
2119,STN,2017,22-Aug-17,602,Delta Smelt,Y
2120,STN,2017,22-Aug-17,602,Delta Smelt,Y
2121,STN,2017,22-Aug-17,602,Delta Smelt,Y
2122,STN,2017,25-Jul-17,602,Delta Smelt,Y
2123,STN,2017,25-Jul-17,602,Delta Smelt,Y
2124,STN,2017,24-Jul-17,519,Delta Smelt,Y
2125,STN,2017,11-Jul-17,602,Delta Smelt,Y
2126,STN,2017,11-Jul-17,602,Delta Smelt,Y
2127,STN,2017,11-Jul-17,602,Delta Smelt,Y
2128,STN,2017,11-Jul-17,418,Delta Smelt,Y
2129,FMWT,2017,10-Oct-17,701,Delta Smelt,N
2130,FMWT,2017,9-Oct-17,518,Delta Smelt,Y
2131,SKT,2017,11-Jan-17,704,Delta Smelt,Y
2132,SKT,2017,11-Jan-17,719,Delta Smelt,Y
2133,SKT,2017,11-Jan-17,719,Delta Smelt,Y
2134,SKT,2017,11-Jan-17,719,Delta Smelt,Y
2135,SKT,2017,11-Jan-17,719,Delta Smelt,Y
2136,SKT,2017,11-Jan-17,719,Delta Smelt,Y
2137,SKT,2017,11-Jan-17,719,Delta Smelt,Y
2138,SKT,2017,11-Jan-17,804,Delta Smelt,Y
2139,SKT,2017,12-Jan-17,606,Delta Smelt,Y
2140,SKT,2017,12-Jan-17,418,Delta Smelt,Y
2141,SKT,2017,12-Jan-17,405,Delta Smelt,Y
2142,SKT,2017,12-Jan-17,508,Delta Smelt,Y
2143,SKT,2017,12-Jan-17,520,Delta Smelt,Y
2144,SKT,2017,13-Jan-17,340,Delta Smelt,Y
2145,SKT,2017,13-Jan-17,340,Delta Smelt,Y
2146,SKT,2017,8-Feb-17,719,Delta Smelt,Y
2147,SKT,2017,8-Feb-17,719,Delta Smelt,Y
2148,SKT,2017,8-Feb-17,719,Delta Smelt,Y
2149,SKT,2017,9-Feb-17,610,Delta Smelt,Y
2150,SKT,2017,9-Feb-17,609,Delta Smelt,Y
2151,SKT,2017,9-Feb-17,609,Delta Smelt,Y
2152,SKT,2017,9-Feb-17,609,Delta Smelt,Y
2153,SKT,2017,7-Mar-17,801,Delta Smelt,Y
2154,SKT,2017,8-Mar-17,706,Delta Smelt,Y
2155,SKT,2017,8-Mar-17,715,Delta Smelt,Y
2156,SKT,2017,8-Mar-17,715,Delta Smelt,Y
2157,SKT,2017,8-Mar-17,715,Delta Smelt,Y
2158,SKT,2017,8-Mar-17,715,Delta Smelt,Y
2159,SKT,2017,8-Mar-17,719,Delta Smelt,Y
2160,SKT,2017,8-Mar-17,711,Delta Smelt,Y
2161,SKT,2017,5-Apr-17,719,Delta Smelt,Y
2162,SKT,2017,5-Apr-17,719,Delta Smelt,Y
2163,SKT,2017,5-Apr-17,719,Delta Smelt,Y
2164,SKT,2017,5-Apr-17,719,Delta Smelt,Y
2165,SKT,2016,12-Jan-16,513,Delta Smelt,Y
2166,SKT,2016,13-Jan-16,704,Delta Smelt,Y
2167,SKT,2016,13-Jan-16,707,Delta Smelt,Y
2168,SKT,2016,13-Jan-16,707,Delta Smelt,Y
2169,SKT,2016,13-Jan-16,707,Delta Smelt,Y
2170,SKT,2016,13-Jan-16,715,Delta Smelt,Y
2171,SKT,2016,9-Feb-16,801,Delta Smelt,Y
2172,SKT,2016,14-Jan-16,606,Delta Smelt,Y
2173,SKT,2016,10-Feb-16,715,Delta Smelt,Y
2174,SKT,2016,10-Feb-16,719,Delta Smelt,Y
2175,SKT,2016,11-Feb-16,610,Delta Smelt,Y
2176,SKT,2016,11-Feb-16,610,Delta Smelt,Y
2177,SKT,2016,9-Mar-16,719,Delta Smelt,Y
2178,SKT,2016,9-Mar-16,719,Delta Smelt,Y
2179,SKT,2016,9-Mar-16,719,Delta Smelt,Y
2180,SKT,2016,9-Mar-16,719,Delta Smelt,Y
2181,SKT,2016,9-Mar-16,719,Delta Smelt,Y
2182,SKT,2016,9-Mar-16,719,Delta Smelt,Y
2183,SKT,2016,10-Mar-16,606,Delta Smelt,Y
2184,SKT,2016,4-Apr-16,719,Delta Smelt,Y
2185,SKT,2016,4-Apr-16,719,Delta Smelt,Y
2186,SKT,2016,4-Apr-16,719,Delta Smelt,Y
2187,SKT,2016,4-Apr-16,719,Delta Smelt,Y
2188,SKT,2016,4-Apr-16,719,Delta Smelt,Y
2189,SKT,2016,4-Apr-16,719,Delta Smelt,Y
2190,SKT,2016,4-Apr-16,719,Delta Smelt,Y
2191,SKT,2016,4-Apr-16,719,Delta Smelt,Y
2192,SKT,2016,4-Apr-16,719,Delta Smelt,Y
2193,SKT,2016,4-Apr-16,719,Delta Smelt,Y
2202,SKT,2016,4-Apr-16,719,Delta Smelt,Y
2203,SKT,2016,4-Apr-16,719,Delta Smelt,Y
2204,SKT,2016,4-Apr-16,719,Delta Smelt,Y
2205,SKT,2016,5-May-16,606,Delta Smelt,Y
2206,FMWT,2016,7-Nov-16,703,Delta Smelt,Y
2207,FMWT,2016,7-Nov-16,703,Delta Smelt,Y
2208,FMWT,2016,7-Nov-16,703,Delta Smelt,Y
2209,FMWT,2016,7-Nov-16,704,Delta Smelt,Y
2210,FMWT,2016,7-Nov-16,704,Delta Smelt,Y
2211,FMWT,2016,7-Nov-16,705,Delta Smelt,Y
2212,FMWT,2016,7-Nov-16,706,Delta Smelt,Y
2213,FMWT,2015,9-Sep-15,704,Delta Smelt,Y
2214,FMWT,2015,9-Sep-15,704,Delta Smelt,Y
2215,FMWT,2015,9-Sep-15,705,Delta Smelt,Y
2216,FMWT,2015,9-Sep-15,705,Delta Smelt,Y
2217,FMWT,2015,19-Oct-15,797,Delta Smelt,Y
2218,FMWT,2015,3-Dec-15,606,Delta Smelt,Y
2219,FMWT,2015,7-Dec-15,706,Delta Smelt,Y
2220,SKT,2015,15-Dec-15,606,Delta Smelt,Y
2221,SKT,2015,15-Dec-15,606,Delta Smelt,Y
2241,SKT,2016,8-Dec-16,706,Delta Smelt,Y
2242,SKT,2016,8-Dec-16,706,Delta Smelt,Y
2243,SKT,2016,8-Dec-16,706,Delta Smelt,Y
2244,SKT,2016,8-Dec-16,706,Delta Smelt,Y
2245,SKT,2016,8-Dec-16,706,Delta Smelt,Y
2246,SKT,2016,8-Dec-16,706,Delta Smelt,Y
2247,SKT,2016,8-Dec-16,706,Delta Smelt,Y
2248,SKT,2016,8-Dec-16,706,Delta Smelt,Y
2249,SKT,2016,8-Dec-16,706,Delta Smelt,Y
2250,SKT,2016,8-Dec-16,706,Delta Smelt,N
2251,SKT,2016,8-Dec-16,706,Delta Smelt,Y
2252,SKT,2016,8-Dec-16,706,Delta Smelt,N
2253,SKT,2016,8-Dec-16,706,Delta Smelt,Y
2254,SKT,2016,8-Dec-16,706,Delta Smelt,Y
2255,SKT,2016,8-Dec-16,706,Delta Smelt,N
2256,SKT,2016,8-Dec-16,706,Delta Smelt,Y
2257,SKT,2016,8-Dec-16,706,Delta Smelt,Y
2258,SKT,2016,8-Dec-16,706,Delta Smelt,Y
2259,SKT,2016,8-Dec-16,706,Delta Smelt,Y
2260,SKT,2016,8-Dec-16,706,Delta Smelt,Y
2261,SKT,2016,8-Dec-16,706,Delta Smelt,Y
2262,SKT,2016,12-Dec-16,606,Delta Smelt,Y
2263,SKT,2016,12-Dec-16,606,Delta Smelt,Y
2264,SKT,2016,12-Dec-16,606,Delta Smelt,Y
2265,SKT,2016,12-Dec-16,609,Delta Smelt,Y
2266,SKT,2016,12-Dec-16,610,Delta Smelt,Y
2299,STN,2018,25-Jun-18,508,Delta Smelt,Y
2300,STN,2018,12-Jun-18,797,Delta Smelt,Y
2301,STN,2018,27-Jul-18,405,Delta Smelt,Y
2302,SKT,2017,13-Dec-17,706,Delta Smelt,Y
2303,SKT,2017,14-Dec-17,609,Delta Smelt,Y
2304,SKT,2017,13-Dec-17,706,Delta Smelt,Y
2305,SKT,2017,13-Dec-17,704,Delta Smelt,Y
2306,SKT,2018,10-Jan-18,704,Delta Smelt,Y
2307,SKT,2018,10-Jan-18,704,Delta Smelt,Y
2308,SKT,2017,13-Dec-17,704,Delta Smelt,Y
2309,SKT,2018,10-Jan-18,704,Delta Smelt,Y
2310,SKT,2017,13-Dec-17,704,Delta Smelt,Y
2311,SKT,2018,10-Jan-18,704,Delta Smelt,Y
2312,SKT,2018,10-Jan-18,704,Delta Smelt,Y
2313,SKT,2018,10-Jan-18,704,Delta Smelt,Y
2314,SKT,2018,10-Jan-18,704,Delta Smelt,Y
2315,SKT,2018,10-Jan-18,704,Delta Smelt,Y
2316,SKT,2018,10-Jan-18,704,Delta Smelt,Y
2317,SKT,2018,11-Jan-18,609,Delta Smelt,Y
2318,SKT,2018,8-Feb-18,610,Delta Smelt,Y
2319,SKT,2018,8-Feb-18,610,Delta Smelt,Y
2320,SKT,2018,8-Feb-18,609,Delta Smelt,Y
2321,SKT,2018,8-Feb-18,609,Delta Smelt,Y
2322,SKT,2018,7-Mar-18,719,Delta Smelt,Y
2469,STN,2019,28-Jun-19,795,Delta Smelt,Y
2470,SKT,2019,20-Feb-19,508,Delta Smelt,Y
2471,SKT,2018,12-Dec-18,704,Delta Smelt,Y
2472,SKT,2018,12-Dec-18,704,Delta Smelt,Y
2473,SKT,2018,12-Dec-18,704,Delta Smelt,Y
2474,SKT,2018,12-Dec-18,704,Delta Smelt,Y
2475,SKT,2018,11-Dec-18,606,Delta Smelt,Y
2554,SKT,2020,15-Jan-20,704,Delta Smelt,Y
2555,SKT,2020,12-Feb-20,707,Delta Smelt,Y
